input,target,predicted
ank,अंक,अक
anka,अंक,अंक
ankit,अंकित,अंकित
anakon,अंकों,अंक
ankhon,अंकों,अंकों
ankon,अंकों,अंकों
angkor,अंकोर,अंकोर
ankor,अंकोर,अंकर
angaarak,अंगारक,अंगरक
angarak,अंगारक,अंगारक
angraji,अंग्रज़ी,अंग्रज़ी
angreji,अंग्रज़ी,अंग्रज़
angrzi,अंग्रज़ी,अंग्रज़
antah,अंतः,अंत
antaha,अंतः,अंतः
antarmukh,अंतर्मुख,अंतर्मख
antmurkh,अंतर्मुख,अंतर्मुख
antrmukh,अंतर्मुख,अंतर्मुख
andrabee,अंद्राबी,अंद्बी
andrabi,अंद्राबी,अंद्राबी
andha,अंधा,अंधा
andhapan,अंधापन,अंधपन
andheri,अंधेरी,अंधेरी
ambaani,अंबानी,अंबानी
ambani,अंबानी,अंबनी
akram,अकरम,अरम
acapulco,अकापुल्को,अकपुल्को
akapulko,अकापुल्को,अकपुल्को
akhand,अखंड,अखड
akhil,अखिल,अखिल
agavai,अगवाई,अगवा
agvaai,अगवाई,अगवाई
augustine,अगस्टाइन,अगस्टइन
augustustine,अगस्टाइन,अगस्टाइन
agsta,अगस्ता,अगस्त
agusta,अगस्ता,अगस्ता
augusta,अगस्ता,अगस्त
agr,अग्र,अग्
agra,अग्र,अग्
achambha,अचंभा,अचंभ
achanbha,अचंभा,अचंभ
achievement,अचीवमेंट,अचीवमें
achivement,अचीवमेंट,अचीवमेंट
acchi,अच्छी,अचछी
achchi,अच्छी,अच्छी
achhi,अच्छी,अच्छी
achyut,अच्युत,अच्युत
achhanera,अछनेरा,अछनेरा
achnera,अछनेरा,अछनरा
ajmeedh,अजमीढ़,अजमढ़
ajhar,अजहर,अजहर
azhar,अजहर,अजहर
ajit,अजित,अजत
agnat,अज्ञात,अज्ञत
agyaat,अज्ञात,अज्ञत
agyat,अज्ञात,अज्ञत
atakta,अटकता,अटकता
atkata,अटकता,अटकता
atake,अटके,अटक
atke,अटके,अटके
atwaal,अटवाल,अटवल
atwal,अटवाल,अटवाल
attahasa,अट्टहास,अट्टहस
atthaas,अट्टहास,अट्टहस
atthas,अट्टहास,अट्टहास
addon,अड्डों,अड्डों
athak,अथक,अथक
atharv,अथर्व,अथर्
atharva,अथर्व,अथर्व
adad,अदद,अदद
adaani,अदाणी,अदणी
adani,अदाणी,अदाणी
advait,अद्वैत,अद्वत
adwait,अद्वैत,अद्वत
advaitvaad,अद्वैतवाद,अद्वैवाद
advaitwad,अद्वैतवाद,अद्वैतवाद
adhivas,अधिवास,अधिवास
adhiwas,अधिवास,अधवास
advivas,अधिवास,अधवास
adhiik,अधीक,अधक
adhik,अधीक,अधक
adhyayanarat,अध्ययनरत,अध्यनरत
adhyayanrat,अध्ययनरत,अध्ययनरत
adhyaynrat,अध्ययनरत,अध्यनरत
anant,अनंत,अनंत
ananti,अनंती,अनंती
angadh,अनगढ़,अनगढ़
angarh,अनगढ़,अनगढ़
anchahe,अनचाहे,अनचाहे
anthak,अनथक,अनथक
unthak,अनथक,अनथक
anhoni,अनहोनी,अनहोनी
anaavashyak,अनावश्यक,अनावश्यक
anavashyak,अनावश्यक,अनावश्यक
anavshyak,अनावश्यक,अनावश्यक
anawashyak,अनावश्यक,अनावश्यक
anik,अनिक,अनिक
anishwarvadi,अनीश्वरवादी,अनीश्वरवादी
anishwarwadi,अनीश्वरवादी,अनीश्वरवादी
anukoltha,अनुकूलता,अनुकूलता
anukulata,अनुकूलता,अनुकूलता
anukulta,अनुकूलता,अनुकूलता
anuchit,अनुचित,अनुचित
anuprayogi,अनुप्रयोगों,अनुप्रयोगों
anuprayogon,अनुप्रयोगों,अनुप्रयोगों
anupryogon,अनुप्रयोगों,अनुप्रयोगों
anureet,अनुरीत,अनुरीत
anurit,अनुरीत,अनुरीत
anuthi,अनूठी,अनूठी
anudit,अनूदित,अनूदित
anyaay,अन्याय,अन्याय
anyay,अन्याय,अन्याय
anyaya,अन्याय,अन्याय
apnani,अपनानी,अपनानी
aparivartanshali,अपरिवर्तनशील,अपरिवर्तनशील
aparivartansheel,अपरिवर्तनशील,अपरिवर्तनशील
aparivartanshil,अपरिवर्तनशील,अपरिवर्तनशील
apariharya,अपरिहार्य,अपरिहार्य
aprihary,अपरिहार्य,अपरिहार्य
apriyary,अपरिहार्य,अपरिहार्य
apavartit,अपवर्तित,अपवर्तित
apvartit,अपवर्तित,अपवर्तित
apvtrit,अपवर्तित,अपवर्तित
apaardarshi,अपारदर्शी,अपारदर्शी
apardarshi,अपारदर्शी,अपारदर्शी
afroj,अफरोज,अफरोज
afroz,अफरोज,अफरोज
africa,अफ्रीका,अफ्रीका
abbaasi,अब्बासी,अब्बासी
abbasi,अब्बासी,अब्बासी
abhimat,अभिमत,अभिमत
abhishap,अभिशाप,अभिशाप
abhi,अभी,अभी
amjhera,अमझेरा,अमझेरा
amzera,अमझेरा,अमझेरा
amargad,अमरगढ़,अमरगढ़
amargarh,अमरगढ़,अमरगढ़
amarpaal,अमरपाल,अमरपाल
amarpal,अमरपाल,अमरपाल
amarohi,अमरोही,अमरोही
amrohi,अमरोही,अमरोही
amaanat,अमानत,अमानत
amanat,अमानत,अमानत
amanth,अमानत,अमानत
amaanati,अमानती,अमानती
amanathi,अमानती,अमानती
amanati,अमानती,अमानती
amavasya,अमावस्या,अमावस्या
amavsya,अमावस्या,अमावस्या
amit,अमित,अमित
amitao,अमिताव,अमिताव
amitav,अमिताव,अमिताव
amuk,अमुक,अमुक
amogh,अमोघ,अमोघ
ambani,अम्बानी,अम्बानी
ayodhyaanaath,अयोध्यानाथ,अयोध्यानाथ
ayodhyanaath,अयोध्यानाथ,अयोध्यानाथ
ayodhyanath,अयोध्यानाथ,अयोध्यनाथ
ayodhyeanath,अयोध्यानाथ,अयोध्यनाथ
aradas,अरदास,अरदस
ardaas,अरदास,अरदास
ardas,अरदास,अरदास
arabab,अरबाब,अरबाब
arbab,अरबाब,अरबाब
around,अराउंड,अरउांड
arjent,अर्जेंट,अर्जेंट
urgent,अर्जेंट,अर्जेंट
arth,अर्थ,अ्रथ
artha,अर्थ,अ्रथ
earth,अर्थ,अ्रथ
earthquake,अर्थक्वेक,अर्थक्वेक
arthon,अर्थों,अरथ्
arpit,अर्पित,अरप्त
aryama,अर्यमा,अरय्मा
aryma,अर्यमा,अरय्मा
arymaa,अर्यमा,अरय्मा
alankaar,अलंकार,अलकंार
alankar,अलंकार,अलकंर
alnkaar,अलंकार,अलकंर
alankaaron,अलंकारों,अलंकरों
alankaron,अलंकारों,अलंकरों
alnkaaron,अलंकारों,अलंकरों
alnkaron,अलंकारों,अलंकरों
alagavavadi,अलगाववादी,अलगाववादी
algavvadi,अलगाववादी,अलगाववादी
algavwaadi,अलगाववादी,अलगाववादी
alive,अलाइव,अलाइव
alance,अलायंस,अलयांस
alayans,अलायंस,अलयांस
aliance,अलायंस,अलयांस
alind,अलिंद,अलिंद
alai,अली,अली
ali,अली,अली
alii,अली,अली
alonso,अलोंसो,अलंसो
aloso,अलोंसो,अलंसो
alphabet,अल्फ़ाबेट,अल्फ़ाबेट
alba,अल्बा,अल्बा
avantipur,अवंतिपुर,अवंतपुर
awantipora,अवंतिपुर,अवंतपुर
avaru,अवरु,अरवु
avru,अवरु,अवर्णता
awaru,अवरु,अवर्णता
avarodhak,अवरोधक,अवशिष्ट
avrodhak,अवरोधक,अवशिष्ट
avrodhk,अवरोधक,अवर्णता
avarnata,अवर्णता,अवोरधक
avarnataa,अवर्णता,अरवु
avranta,अवर्णता,अरवु
avashist,अवशिष्ट,अवोरधक
avshisht,अवशिष्ट,अवोरधक
awashist,अवशिष्ट,अवशिष्ट
avasthaayen,अवस्थाएं,अवसथ्एं
avsthaen,अवस्थाएं,अवसथ्एं
avsthayen,अवस्थाएं,अवसथ्एं
awasthaen,अवस्थाएं,अवसथ्एं
avi,अवि,अवि
avika,अविका,अविका
aviral,अविरल,अविरल
avirl,अविरल,अविरल
avishvaasniy,अविश्वसनीय,अविशव्सनीय
avishvasniy,अविश्वसनीय,अवैजञ्निक
avishvasniya,अविश्वसनीय,अशक्तता
avisvasniya,अविश्वसनीय,अविशव्सनीय
aviva,अवीवा,अवीवा
avaigyanic,अवैज्ञानिक,अविशव्सनीय
avaigyanik,अवैज्ञानिक,अशरफी
avegyanik,अवैज्ञानिक,अवैजञ्निक
ashaktataa,अशक्तता,अशक्तता
ashktta,अशक्तता,अवैजनिक
asharaphi,अशरफी,अविशव्सनीय
ashrafi,अशरफी,अशरफी
ashariri,अशरीरी,अशीररी
ashriri,अशरीरी,अशीररी
ashrvatath,अश्वत्थ,अश्वत्थ
ashvtth,अश्वत्थ,अश्वत्थ
asamaany,असमान्य,असमान्य
asamany,असमान्य,असमान्य
asmanye,असमान्य,असमान्य
asaamnjsy,असामंजस्य,असामंजस्य
asamanjasy,असामंजस्य,असामंजस्य
asamanjasya,असामंजस्य,अेसट
asurakshit,असुरक्षित,अस्वभाविक
asurkshit,असुरक्षित,असामंजस्य
aset,असेट,असुरक्षित
asset,असेट,अस्वभाविक
asvabhavik,अस्वभाविक,अेसट
aswabhavik,अस्वभाविक,असुरक्षित
aswbhavik,अस्वभाविक,अहिरौली
ahirauli,अहिरौली,आटइम
item,आइटम,अस्वभाविक
items,आइटम्स,आइमट्स
idle,आइडल,आडइल
idol,आइडल,आडइल
icc,आइसीसी,आइीससी
iso,आइसो,आसइो
ipc,आईपीसी,आईीपसी
ipad,आईपैड,आईपैड
iris,आईरिस,आईरिस
ounce,आउंस,आंउस
aakaash,आकाश,आाकश
aakash,आकाश,आगत
aake,आके,आग़ा
aakhet,आखेट,आग़ा
akhet,आखेट,आखट
aagat,आगत,आगमन
aagaman,आगमन,आगमन
aagman,आगमन,आग़ा
aagaa,आग़ा,आके
aagah,आग़ा,आाकश
agha,आग़ा,आखेट
aagaashe,आगाशे,आगाशे
aagashe,आगाशे,आगाशे
agashe,आगाशे,आगाशे
aajmaanaa,आजमाना,आजमाना
aajmana,आजमाना,आजमाना
aazmaanaa,आजमाना,आजमाना
aata,आटा,आटा
ata,आटा,आटा
atta,आटा,आटा
aatmayen,आत्माएं,आत्माएं
atmaen,आत्माएं,आधारित
aadaan,आदान,आदान
aadan,आदान,आधुनिक
aadhaarit,आधारित,आधारित
aadharit,आधारित,आधारित
adharit,आधारित,आधीन
aadheen,आधीन,आनद
aadhin,आधीन,आदान
aadhunik,आधुनिक,आधीन
aanad,आनद,आत्माएं
aanand,आनद,आनद
anand,आनद,आनद
aapka,आपका,आपका
aapkaa,आपका,आपका
aapadaaaen,आपदाएं,आपदाएं
aapdaein,आपदाएं,आपदाएं
aapdayein,आपदाएं,आपदाएं
aabantit,आबंटित,आबंटित
abantit,आबंटित,आबंटित
aabru,आबरू,आबरू
abaru,आबरू,आमदन
aamdan,आमदन,आमोद
amadan,आमदन,आमोद
aamdani,आमदनी,आमदी
amadani,आमदनी,आमदी
aamdi,आमदी,आमदनी
amdi,आमदी,आमदन
aamod,आमोद,आमदनी
amod,आमोद,आयेंगे
aayenge,आयेंगे,आबरू
aayojak,आयोजक,आयोजक
ro,आरओ,आरओ
rp,आरपी,आरपी
aaraam,आराम,आराम
aaram,आराम,आराम
aram,आराम,आराम
aarushi,आरुषि,आरुषि
arushi,आरुषि,आरुषि
artery,आर्टरी,आर्टरी
order,आर्डर,आर्डर
aary,आर्य,आर्यो
aarya,आर्य,आर्यों
arya,आर्य,आर्यिका
aaryika,आर्यिका,आर्यों
aryika,आर्यिका,आर्यिका
aarya,आर्यो,आर्य
arya,आर्यो,आर्य
aryo,आर्यो,आर्यो
aaryan,आर्यों,आर्यो
arya,आर्यों,आर्य
aryon,आर्यों,आर्यों
aalsi,आलसी,आलसी
alasi,आलसी,आलसी
aalochak,आलोचक,आलोचक
alochak,आलोचक,आलोचक
aalochakon,आलोचकों,आलोचकों
alochakon,आलोचकों,आलोचकों
aalha,आल्हा,आल्हा
aalhaa,आल्हा,आल्हा
alha,आल्हा,आल्हा
allah,आल्हा,आवाज़ों
aawaazen,आवाज़ें,आविष्कार
aawajen,आवाज़ें,आवाज़ें
awaazen,आवाज़ें,आवाज़ों
awazen,आवाज़ें,आवाज़ों
aawajon,आवाज़ों,आवाज़ें
aawazon,आवाज़ों,आल्हा
awaazon,आवाज़ों,आवाज़ों
awazon,आवाज़ों,आवाज़ें
aavishakaar,आविष्कार,आवाज़ें
aavishkaar,आविष्कार,आविष्कार
avishkar,आविष्कार,आविष्कार
aavriti,आवृत्ति,आवृत्ति
aavritti,आवृत्ति,आवृत्ति
avuti,आवृत्ति,आवृत्ति
aavritiyon,आवृत्तियों,आवृत्तियों
aavrittiyon,आवृत्तियों,आवृत्तियों
avrutiyon,आवृत्तियों,आवृत्तियों
aashanka,आशंका,आशंका
ashanka,आशंका,आशंका
aashriton,आश्रितों,आश्रितों
ashriton,आश्रितों,आस्तीन
aasaan,आसान,आश्रितों
aasan,आसान,आस्तिक
asan,आसान,आस्तीन
aastik,आस्तिक,आसान
astik,आस्तिक,आस्तिक
aasteen,आस्तीन,आसान
aastin,आस्तीन,आसान
astin,आस्तीन,आस्तीन
aahnaan,आह्नान,आह्नान
aahnan,आह्नान,आह्नान
ahyan,आह्नान,आह्नान
england,इंग्लैंड,इंग्लैंड
engineer,इंजिनियर,इंजिनियर
introduction,इंट्रोडक्शन,इंट्रोडक्शन
insurance,इंश्योरेंस,इंश्योरेंस
ear,इअर,इअर
eyer,इअर,इअर
eon,इआन,इआन
iaan,इआन,इकट्ठा
ekattha,इकट्ठा,इआन
ikattha,इकट्ठा,इकाई
ekatthi,इकठ्ठी,इकठ्ठी
ekthi,इकठ्ठी,इकट्ठा
ikatthi,इकठ्ठी,इकठ्ठी
ekaee,इकाई,इकठ्ठी
ikai,इकाई,इकाई
ekaeyon,इकाईयों,इकाईयों
ikaiyon,इकाईयों,इकाईयों
ikarion,इकाईयों,इकाईयों
economic,इकोनोमिक,इकोनोमिक
ecuador,इक्वाडोर,इक्वाडोर
equador,इक्वाडोर,इक्वाडोर
equities,इक्विटीज,इक्विटीज
ikvitija,इक्विटीज,इक्विटीज
ijaajat,इजाजत,इजाजत
ijajat,इजाजत,इजाजत
inhalation,इनहेलेशन,इनहेलेशन
inhaletion,इनहेलेशन,इनहेलेशन
ibija,इबीजा,इलाइची
ibiza,इबीजा,इलाइची
imaging,इमेजिंग,इलाइची
immune,इम्युन,इबीजा
elaichi,इलाइची,इम्युन
ilaichi,इलाइची,इलाइची
ilayachi,इलाइची,इबीजा
ilayichi,इलाइची,इलाज
elaaj,इलाज,इमेजिंग
ilaaj,इलाज,इलाज
ilaj,इलाज,इलाज
ishaak,इशाक,इशाक
ishaaq,इशाक,इशाक
ishak,इशाक,इशाक
ishaara,इशारा,इशारा
ishaaraa,इशारा,इशारा
ishara,इशारा,इशारा
ishita,इशिता,इशिता
isht,इष्ट,इष्ट
isteefe,इस्तीफे,इस्तीफे
istife,इस्तीफे,ईमेलों
ea,ईए,ईवनिंग
ia,ईए,ईए
eater,ईटर,ईष्ट
iter,ईटर,इस्तीफे
email,ईमेल,ईटर
emailon,ईमेलों,ईटर
emelon,ईमेलों,ईमेल
evening,ईवनिंग,ईमेलों
east,ईष्ट,ईए
ishat,ईष्ट,ईष्ट
isht,ईष्ट,ईष्ट
isaaiyon,ईसाइयों,ईसाइयों
isaiyon,ईसाइयों,ईसाइयों
isayiyon,ईसाइयों,ईसाइयों
ikhrul,उखरुल,उखरुल
ukhrool,उखरुल,उखरुल
ukhrul,उखरुल,उखरुल
uchhalane,उछालने,उछालने
uchhalne,उछालने,उछालने
ujback,उज़्बेक,उठाकर
uzbek,उज़्बेक,उज़्बेक
uthane,उठने,उठाकर
uthne,उठने,उठने
uthaakar,उठाकर,उठने
uthakar,उठाकर,उठापटक
uthaapatak,उठापटक,उठापटक
uthapatak,उठापटक,उड़ान
uthen,उठें,उज़्बेक
udaan,उड़ान,उठें
udan,उड़ान,उड़ान
udaanaa,उड़ाना,उड़ाना
udana,उड़ाना,उड़ाना
udaane,उड़ाने,उड़ाने
udane,उड़ाने,उड़ाने
udaanen,उड़ानें,उड़ानें
udanen,उड़ानें,उड़ानें
udaanon,उड़ानों,उड़ानों
udanon,उड़ानों,उड़ानों
utane,उतने,उतने
utaney,उतने,उदर
utne,उतने,उदंत
uttara,उत्तरा,उतने
uttra,उत्तरा,उदघोष
utpan,उत्पन,उत्तरा
udant,उदंत,उदा
udghosh,उदघोष,उत्पन
udar,उदर,उदा
uda,उदा,उतने
udaa,उदा,उत्तरा
udakishuganj,उदाकिशुनगंज,उदाकिशुनगंज
udakishunganj,उदाकिशुनगंज,उदाकिशुनगंज
unatees,उनतीस,उनतीस
untees,उनतीस,उनतीस
uniyal,उनियाल,उनियाल
upadraviyon,उपद्रवियों,उपद्रवियों
updravion,उपद्रवियों,उपद्रवियों
updraviyon,उपद्रवियों,उपद्रवियों
upadravi,उपद्रवी,उपद्रवी
updravi,उपद्रवी,उपद्रवी
upadrawon,उपद्रवों,उपलब्धियों
updravon,उपद्रवों,उपलक्ष्य
upneta,उपनेता,उपलक्ष्य
upabhokta,उपभोक्ता,उपद्रवों
upbhokta,उपभोक्ता,उपनेता
uplaksh,उपलक्ष्य,उपलक्ष्य
uplakshay,उपलक्ष्य,उपभोक्ता
uplakshya,उपलक्ष्य,उपभोक्ता
uplabdh,उपलब्ध,उपद्रवों
uplabdhiyon,उपलब्धियों,उपलब्ध
uplabdhi,उपलब्धी,उपलब्धी
upakhyaanon,उपाख्यानों,उपाख्यानों
upakhyanon,उपाख्यानों,उपाख्यानों
ubuntu,उबंटू,उबंटू
ubaal,उबाल,उबाल
ubal,उबाल,उबाल
ubhaara,उभारा,उभारा
ubhara,उभारा,उभारा
umanath,उमानाथ,उमानाथ
umesh,उमेश,उमेश
urf,उर्फ,उर्वरकों
urfa,उर्फ,उर्फ
urff,उर्फ,उर्फ
urvarakon,उर्वरकों,उर्वरकों
urvarkon,उर्वरकों,उर्वरता
urwarakon,उर्वरकों,उर्वरता
urvarata,उर्वरता,उर्फ
urvarta,उर्वरता,उर्वरता
urwarta,उर्वरता,उर्वरकों
ulate,उलटे,उलटे
ulte,उलटे,उलटे
ulahana,उलाहना,उलाहना
ulahna,उलाहना,उलाहना
ulema,उलेमा,उलेमा
ulemaon,उलेमाओं,उलेमाओं
usak,उसक,उसक
usaki,उसकी,उसकी
uski,उसकी,उसकी
usmein,उसमें,उसमें
usmen,उसमें,उसमें
usi,उसी,ऋषिकुल
ustara,उस्तरा,ऋषिकुल
udharv,ऊर्ध्व,ऊर्ध्व
udhrva,ऊर्ध्व,ऊर्ध्व
urdhav,ऊर्ध्व,उसी
ushma,ऊष्मा,उस्तरा
rishicool,ऋषिकुल,ऊर्ध्व
rishikul,ऋषिकुल,एंजाइम
rushikul,ऋषिकुल,ऊष्मा
enzyme,एंजाइम,ऋषिकुल
anton,एंटोन,एंटोन
entone,एंटोन,एंटोन
antoni,एंटोनी,एंटोनी
antony,एंटोनी,एंटोनी
endometrial,एंडोमेट्रियल,एंडोमेट्रियल
andreas,एंड्रियास,एंड्रियास
als,एएलएस,एएलएस
asi,एएसआई,एएसआई
eksaath,एकसाथ,एकसाथ
eksath,एकसाथ,एकसाथ
ekaki,एकाकी,एडेन
xm,एक्सएम,एगमोर
egmor,एगमोर,एगमोर
egmore,एगमोर,एडेन
aj,एजे,एजेंडे
agende,एजेंडे,एकाकी
adp,एडीपी,एडीपी
adain,एडेन,एजे
aden,एडेन,एडेन
edan,एडेन,एक्सएम
addi,एड्डी,एड्डी
eddi,एड्डी,एड्डी
eddie,एड्डी,एड्डी
eddy,एड्डी,एड्डी
apj,एपीजे,एपीजे
ftii,एफटीआईआई,एफटीआईआई
abbott,एबट,एबट
abut,एबट,एबट
ebt,एबट,एबट
abvp,एबीवीपी,एबीवीपी
abbot,एबोट,एमटेक
abbott,एबोट,एमटेक
mta,एमटीए,एबोट
mtake,एमटेक,एमरल्ड
mtec,एमटेक,एमिल
mtech,एमटेक,एमटेक
emerald,एमरल्ड,एमरल्ड
emrald,एमरल्ड,एमिल
emil,एमिल,एमटीए
emile,एमिल,एबोट
emily,एमिल,एमिल
amy,एमी,एमी
emi,एमी,एमी
airway,एयरवे,एयरवे
eyarave,एयरवे,एयरवे
eyarve,एयरवे,एयरवे
error,एरर,एरर
arica,एरिका,एरिका
erica,एरिका,एरिका
erika,एरिका,एरिका
aerobic,एरोबिक,एलटीई
aerobics,एरोबिक,एशियन
lte,एलटीई,एलर्जिक
lti,एलटीई,एरोबिक
allergic,एलर्जिक,एलियंस
eliminator,एलिमिनेटर,एलियंस
aliens,एलियंस,एलटीई
alliance,एलियंस,एसएफसी
asian,एशियन,एलिमिनेटर
sfc,एसएफसी,एरोबिक
sk,एसके,एसके
spf,एसपीएफ,एसपीएफ
association,एसोसिएशन,एसोसिएशन
astar,एस्टर,एस्टर
aster,एस्टर,एस्टर
ester,एस्टर,एस्टर
aesthetics,एस्थेटिक,एस्थेटिक
asthetic,एस्थेटिक,एस्थेटिक
asfalt,एस्फाल्ट,एस्फाल्ट
asphalt,एस्फाल्ट,एस्फाल्ट
asphault,एस्फाल्ट,ऐंठे
ahsaas,एहसास,एहसास
ehsaas,एहसास,एेसा
ehsas,एहसास,ऐंठ
aisa,एेसा,ऐंठ
eesa,एेसा,एस्फाल्ट
ainth,ऐंठ,एेसा
end,ऐंठ,एहसास
enth,ऐंठ,एहसास
ainthey,ऐंठे,ऐंठ
enthe,ऐंठे,ऐंठे
aithan,ऐठन,ऐठन
ethan,ऐठन,ऐठन
ethhan,ऐठन,ऐठन
ail,ऐल,ऐल
el,ऐल,ऐल
alaps,ऐल्प्स,ऐल्प्स
alps,ऐल्प्स,ऐल्प्स
aise,ऐसे,ऐसे
oxide,ऑक्साइड,ऑक्साइड
oxy,ऑक्सी,ओकलाहोमा
offers,ऑफर्स,ऑक्सी
offshor,ऑफशोर,ओपेल
offshore,ऑफशोर,ऑफशोर
official,ऑफिशियल,ओक्लाहोमा
okalahoma,ओकलाहोमा,ओत
oklahoma,ओकलाहोमा,ऑफशोर
oklahoma,ओक्लाहोमा,ऑफर्स
ot,ओत,ओकलाहोमा
opel,ओपेल,ऑफिशियल
obrayan,ओब्रायन,ओब्रायन
obrien,ओब्रायन,ओब्रायन
oran,ओरण,ओरण
orian,ओरियन,ओरियन
orion,ओरियन,ओरियन
olavrishti,ओलावृष्टि,ओलावृष्टि
ovum,ओवम,ओवम
owem,ओवम,ओवम
oceanic,ओशनिक,ओशनिक
osaka,ओसाका,ओसाका
auchity,औचित्य,औचित्य
auchitya,औचित्य,कंकड़
audhyogikaran,औद्योगिकरण,औद्योगिकरण
audyogikarana,औद्योगिकरण,कंकड़
audyogikikaran,औद्योगिकरण,औचित्य
aurangabad,औरंगाबाद,औद्योगिकरण
aurora,औरोरा,औरंगाबाद
aulakh,औलख,औरोरा
kankad,कंकड़,औलख
kankar,कंकड़,औद्योगिकरण
kankad,कंकर,कंकर
kankar,कंकर,कंकर
kangan,कंगन,कंगन
conjunction,कंजंक्शन,कंजंक्शन
contemporary,कंटेम्पररी,कंटेम्पररी
kanthahar,कंठहार,कंठहार
kanthhar,कंठहार,कंठहार
composer,कंपोजर,कंपोजर
kambalon,कंबलों,कंबलों
kanblon,कंबलों,कंबलों
consultant,कंसलटेंट,कंसलटेंट
kakkad,कक्कड़,कटलरी
kakkar,कक्कड़,कटलरी
kacche,कच्चे,कच्चे
kachche,कच्चे,कच्चे
karta,कटरा,कटरा
katra,कटरा,कक्कड़
cutlery,कटलरी,कटरा
katlari,कटलरी,कक्कड़
katlary,कटलरी,कटलरी
katasaraj,कटासराज,कटासराज
kathfodave,कठफोड़वे,कठफोड़वे
kathfodve,कठफोड़वे,कठफोड़वे
kathor,कठोर,कठोर
kathore,कठोर,कठोर
kanika,कणिका,कणिका
kathai,कत्थई,कत्थई
katthai,कत्थई,कत्थई
katthaii,कत्थई,कत्थई
convention,कनवेंशन,कनवेंशन
canals,कनाल,कन्याएं
kanaal,कनाल,कनिंघम
kanal,कनाल,कन्याएं
kanindham,कनिंघम,कनिंघम
kaningham,कनिंघम,कनाल
kanishthika,कनिष्ठिका,कनाल
kanishthikaa,कनिष्ठिका,कनिष्ठिका
kanishtika,कनिष्ठिका,कनिष्ठिका
kanyaayen,कन्याएं,कनाल
kanyaein,कन्याएं,कनिष्ठिका
kanyayen,कन्याएं,कन्याएं
convention,कन्वेंशन,कन्वेंशन
convocation,कन्वोकेशन,कन्वोकेशन
cup,कप,कप
kap,कप,कप
kapda,कपड़ा,कपड़ा
kpada,कपड़ा,कपड़ा
kapdo,कपड़ो,कपड़ो
kapdon,कपड़ो,कपड़ो
kaping,कपिंग,कपिंग
kping,कपिंग,कब्र
kapolkalpana,कपोलकल्पना,कमज़ोर
kabaddi,कबड्डी,कमज़ोर
kabr,कब्र,कपिंग
kabra,कब्र,कमतर
kabren,कब्रें,कब्रें
kabron,कब्रों,कबड्डी
kamjor,कमज़ोर,कपोलकल्पना
kamzor,कमज़ोर,कब्र
kamatar,कमतर,कब्रों
kamtar,कमतर,कमतर
kalamjeet,कमलजीत,कमलजीत
kamaljeet,कमलजीत,कमलजीत
kamaauu,कमाऊ,कमाऊ
kamau,कमाऊ,कमाऊ
kamaate,कमाते,कमाते
kamate,कमाते,कमाते
kamere,कमेरे,कमेरे
kmere,कमेरे,कमेरे
karanj,करंज,करंज
kranj,करंज,करछना
karanjiya,करंजिया,करछना
kardhe,करघे,करंज
karghe,करघे,करंजिया
karachana,करछना,करूर
karchhana,करछना,करघे
karna,करना,करम
karpatri,करपात्री,करना
karam,करम,करघे
karoor,करूर,करपात्री
karur,करूर,करूर
karnataka,कर्नाटका,कर्नाटका
karvi,कर्वी,कर्वी
kurvi,कर्वी,कर्वी
kalmein,कलमें,कलमें
kalmen,कलमें,कलमें
kalraj,कलराज,कलराज
kalika,कलिका,कलिका
kalpanaon,कल्पनाओं,कल्पनाओं
kalpnaon,कल्पनाओं,कल्पनाओं
kavvaliyon,कव्वालियों,कव्वाली
qawwaliyon,कव्वालियों,कष्टों
kavvali,कव्वाली,कसारा
qawwali,कव्वाली,कव्वालियों
kashton,कष्टों,कसीदा
kasarat,कसरत,कसरत
kasrat,कसरत,कहने
kasara,कसारा,कसरत
kasida,कसीदा,कव्वाली
kahane,कहने,कव्वालियों
kahne,कहने,कहने
kahlaya,कहलाया,कहलाया
kahaniyon,कहानियों,कहानियों
kile,क़िले,क़िले
kanji,कांजी,कांजी
cant,कांट,कांट
kant,कांट,कांट
kanti,कांति,कांति
kakoo,काकू,काकू
kaku,काकू,काकू
kaagaj,कागज़,काजू
kaagaz,कागज़,काजी
kagaj,कागज़,कागज़
kagaz,कागज़,कागज़
kaaji,काजी,कागज़
kaji,काजी,काजी
kazi,काजी,काजी
qazi,काजी,कागज़
kajoo,काजू,काजू
kaju,काजू,काजी
kapadi,कापड़ी,कापड़ी
kapdi,कापड़ी,कापड़ी
kamraj,कामराज,कामराज
kamottejana,कामोत्तेजना,कामोत्तेजना
kamottejna,कामोत्तेजना,कामोत्तेजना
kailana,कायलाना,कायलाना
kaylana,कायलाना,कायलाना
carfi,कार्की,कार्की
karki,कार्की,कार्की
kartik,कार्तिक,कार्तिक
karyakartaon,कार्यकर्ताओं,कालपी
karykartaaon,कार्यकर्ताओं,कार्यभार
karykartaon,कार्यकर्ताओं,कालपी
karyabhar,कार्यभार,कार्यरत
karybhar,कार्यभार,कार्यकर्ताओं
karyarat,कार्यरत,कार्यरत
karyrat,कार्यरत,कार्यभार
kaalpi,कालपी,कार्यकर्ताओं
kalapi,कालपी,कार्यकर्ताओं
kalpi,कालपी,कालपी
kalika,कालिका,कालिका
kalighat,कालीघाट,कालीघाट
coldvel,काल्डवेल,काल्डवेल
kaldvel,काल्डवेल,काल्डवेल
kaldwell,काल्डवेल,काल्डवेल
kaav,काव,काव
kav,काव,काव
kaasht,काश्त,काश्त
kasht,काश्त,काश्त
kasim,कासिम,कासिम
qasim,कासिम,कीड़े
kasimabad,कासिमाबाद,किलियन
kiya,किया,किसानों
kiliyan,किलियन,किसानी
killat,किल्लत,किल्ली
killi,किल्ली,कासिम
kisaani,किसानी,किल्लत
kisani,किसानी,कासिमाबाद
kisanon,किसानों,किया
keede,कीड़े,किसानी
kide,कीड़े,कीड़े
keynote,कीनोट,कीनोट
kinote,कीनोट,कीनोट
kiratpur,कीरतपुर,कीरतपुर
kundal,कुंडल,कुंडल
kundaliya,कुंडलियाँ,कुंडलियाँ
kundaliyan,कुंडलियाँ,कुंडलियाँ
kutta,कुत्ता,कुत्ता
kuposhit,कुपोषित,कुपोषित
kumau,कुमाऊ,कुमाऊ
kumavat,कुमावत,कुमावत
kumawat,कुमावत,कुषाण
kural,कुराल,कुर्मी
kurmi,कुर्मी,कुसुमलता
kursiyon,कुर्सियों,कुश
kush,कुश,कुराल
kushaan,कुषाण,कुमावत
kushan,कुषाण,कुर्सियों
kusumalataa,कुसुमलता,कुषाण
kusumalta,कुसुमलता,कुसुमलता
kusumlata,कुसुमलता,कुसुमलता
koot,कूट,कूट
kut,कूट,कूट
kritika,कृतिका,कृतिका
kpo,केपीओ,केपीओ
canterbari,कैंटरबरी,कैंटरबरी
canterbury,कैंटरबरी,कैंटरबरी
candidate,कैंडिडेट,कैंडिडेट
katrina,कैटरीना,कैटरीना
caitlyn,कैटलिन,कैटलिन
cateline,कैटलिन,कैथोलिकों
catlin,कैटलिन,कैटलिन
cadmium,कैडमियम,कैवेलरी
catholic,कैथोलिक,कैडमियम
catholicon,कैथोलिकों,कैविटी
kaetholikon,कैथोलिकों,कैपेसिटर
capacitor,कैपेसिटर,कैरेट
carat,कैरेट,कैथोलिकों
cavity,कैविटी,कैटलिन
cavalry,कैवेलरी,कैथोलिक
kaivelari,कैवेलरी,कैवेलरी
complex,कॉम्प्लेक्स,कॉम्प्लेक्स
kocchi,कोच्चि,कोच्चि
kochi,कोच्चि,कोच्चि
corridor,कोरिडोर,कोरिडोर
corolla,कोरोला,कोरोला
korola,कोरोला,कोरोला
caolan,कोलन,कोलन
colan,कोलन,कोलन
colon,कोलन,कोलन
calling,कोलिंग,कोलिंग
koling,कोलिंग,कौशलता
colorado,कोलोराडो,क्यूट
kolorado,कोलोराडो,कोलोराडो
kaushal,कौशल,कौशल
kaushalata,कौशलता,कोलोराडो
kaushalta,कौशलता,कोलिंग
kaushambi,कौशाम्बी,क्यूट
cute,क्यूट,कौशलता
quete,क्यूट,कौशाम्बी
cube,क्यूब,क्यूब
cubeck,क्यूबेक,क्यूबेक
quebec,क्यूबेक,क्यूबेक
cubes,क्यूब्स,क्यूब्स
krantiyon,क्रांतियों,क्रांतियों
cric,क्रिक,क्रिक
crick,क्रिक,क्रिक
cricket,क्रिकेट,क्रिकेट
cricketer,क्रिकेटर,क्रिकेटर
cricketing,क्रिकेटिंग,क्रिकेटिंग
kriyayog,क्रियायोग,क्रोम
christian,क्रिश्चयन,क्लांइट
kruger,क्रूगर,क्रियायोग
craig,क्रेग,क्रिश्चयन
creg,क्रेग,क्रेग
cradle,क्रैडल,क्रैडल
chrom,क्रोम,क्रेग
chrome,क्रोम,क्रोम
client,क्लांइट,क्रूगर
clock,क्लाक,क्लाक
clasen,क्लासें,क्लासें
classen,क्लासें,क्लासें
classon,क्लासों,क्लासों
clay,क्ले,क्ले
claris,क्लेरिस,क्लेरिस
cleris,क्लेरिस,क्लेरिस
clerys,क्लेरिस,क्लेरिस
quantico,क्वांटिको,क्वांटिको
queens,क्वींस,क्वींस
kshitij,क्षितिज,क्षितिज
shitij,क्षितिज,खंडा
kshin,क्षीण,खचाखच
shin,क्षीण,क्षीण
kshetron,क्षेत्रों,खंडा
shetron,क्षेत्रों,क्षेत्रों
khand,खंडा,क्षितिज
khanda,खंडा,क्षेत्रों
khachakhach,खचाखच,क्षीण
khajarana,खजराना,खजराना
khajraana,खजराना,खजराना
khajrana,खजराना,खजराना
khatakati,खटकती,खटकती
khatakti,खटकती,खटकती
kihatkati,खटकती,खटकती
khattapan,खट्टापन,खट्टापन
khat,खत,खत
khani,खनि,खनि
khanik,खनिक,खनिक
khanikarm,खनिकर्म,खनिकर्म
khanikarma,खनिकर्म,खनिकर्म
khanikarmi,खनिकर्म,खनिकर्म
khapat,खपत,खरिया
khariya,खरिया,ख़ासतौर
khalnayak,खलनायक,ख़ासकर
khaaskar,ख़ासकर,ख़ासकर
khaskar,ख़ासकर,ख़ासतौर
khaastaur,ख़ासतौर,ख़ैबर
khastaur,ख़ासतौर,खलनायक
khaibar,ख़ैबर,ख़ैबर
khyber,ख़ैबर,खपत
khaein,खाएं,खाएं
khaen,खाएं,खाएं
khayen,खाएं,खाएं
khaate,खाते,खाते
khaatey,खाते,खाते
khate,खाते,खाते
khal,खाल,खाल
khinchakar,खिंचकर,खिंचकर
khinchkar,खिंचकर,खिंचकर
khilana,खिलाना,खिलाना
khinchkar,खींचकर,खुशियां
khuda,खुदा,खुरपका
khudai,खुदाई,खींचकर
khurapka,खुरपका,खुदा
khurpaka,खुरपका,खैनी
khurasan,खुरासान,खैराती
khushiyan,खुशियां,खुरासान
khene,खेने,खेने
khaini,खैनी,खुरपका
khairati,खैराती,खुदाई
khoikhoi,खोईखोई,खोईखोई
khoya,खोया,खोया
gangrel,गंगरेल,गंगरेल
gangaajal,गंगाजल,गंगाजल
gangajal,गंगाजल,गंगाजल
gandaki,गंडकी,गंडकी
gandki,गंडकी,गंडकी
gandh,गंध,गंध
gandha,गंध,गंध
gae,गए,गए
gaye,गए,गतिशील
gajara,गजरा,गजरा
gajra,गजरा,गदाधर
gadkar,गडकर,गतिशील
ganapati,गणपति,गतिशीलता
ganpati,गणपति,गए
gatisheel,गतिशील,गजरा
gatishil,गतिशील,गणपति
gatishilata,गतिशीलता,गणपति
gadadhar,गदाधर,गडकर
gammat,गम्मत,गम्मत
gaya,गया,गया
garibi,गरीबी,गरीबी
garjana,गर्जना,गर्जना
galgand,गलगंड,गलगंड
gahmagahmi,गहमागहमी,गहमागहमी
gemhagehmi,गहमागहमी,गहमागहमी
ganguly,गांगुली,गांगुली
gaanth,गांठ,गांठ
ganth,गांठ,गांठ
gaanthe,गांठे,गायत्री
ganthe,गांठे,गांठें
ganthen,गांठें,गाजीपुर
ganthon,गांठों,गांठे
gaen,गाएं,गांठों
gayen,गाएं,गांठे
gazi,गाज़ी,गाएं
gajipur,गाजीपुर,गाज़ी
gazipur,गाजीपुर,गाएं
gayatri,गायत्री,गाजीपुर
gayitri,गायत्री,गायत्री
gaytri,गायत्री,गायत्री
gidgidate,गिड़गिड़ाते,गिड़गिड़ाते
ginate,गिनते,गिनते
ginte,गिनते,गिनते
girkar,गिरकर,गिरकर
girijaghar,गिरजाघर,गिरजाघर
girjaghar,गिरजाघर,गिरजाघर
girijagharon,गिरजाघरों,गिरजाघरों
girjagharon,गिरजाघरों,गिरजाघरों
girati,गिरती,गिरती
girti,गिरती,गिरती
girish,गिरीश,गिरीश
guan,गुआन,गुआन
gujar,गुजार,गुजार
gujarata,गुजारता,गुजारता
gujarta,गुजारता,गुजारता
gujarate,गुजारते,गुजारते
gujarte,गुजारते,गुजारते
gujarana,गुजारना,गुजारना
gujarna,गुजारना,गुजारना
gujara,गुजारा,गुजारा
gujare,गुजारे,गुजारे
gutta,गुट्टा,गुट्टा
gthalidar,गुठलीदार,गुठलीदार
guthalidar,गुठलीदार,गुठलीदार
gudna,गुदना,गुदना
gumaan,गुमान,गुमान
guman,गुमान,गुमान
gulshan,गुलशन,गुलशन
gunga,गूंगा,गूंगा
grihnagar,गृहनगर,गृहनगर
gruhnagar,गृहनगर,गृहनगर
galaxion,गैलेक्सियों,गैलेक्सियों
galaxiyon,गैलेक्सियों,गैलेक्सियों
galaxyon,गैलेक्सियों,गैलेक्सियों
gochar,गोचर,गोचर
gouchar,गोचर,गोचर
godara,गोदारा,गोदारा
gopichand,गोपीचंद,गोपीचंद
gomake,गोमके,गोमके
gomke,गोमके,गोमके
goel,गोयल,गोयल
goyal,गोयल,गोयल
gosvaami,गोस्वामी,गोस्वामी
gosvami,गोस्वामी,गोस्वामी
goswami,गोस्वामी,गोस्वामी
gaumukh,गौमुख,गौमुख
gomukh,गौमुख,गौमुख
gaumutr,गौमूत्र,गौमूत्र
gaumutra,गौमूत्र,गौमूत्र
gowmutra,गौमूत्र,गौमूत्र
granthiyaan,ग्रंथियां,ग्रंथियां
granthiyan,ग्रंथियां,ग्रंथियां
grandhiyon,ग्रंथियों,ग्रंथियों
granthiyon,ग्रंथियों,ग्रंथियों
greest,ग्रीस्ट,ग्रीस्ट
greist,ग्रीस्ट,ग्रीस्ट
grist,ग्रीस्ट,ग्रीस्ट
greg,ग्रेग,ग्रेनाइट
granite,ग्रेनाइट,ग्रैंडसन
grenite,ग्रेनाइट,ग्रेनाइट
grandson,ग्रैंडसन,ग्रेग
gross,ग्रॉस,ग्रॉस
ghataatop,घटाटोप,घटाटोप
ghatatop,घटाटोप,घटाटोप
ghataayaa,घटाया,घटाया
ghataya,घटाया,घटाया
ghanakar,घनाकार,घनाकार
ghabrahat,घबराहट,घिसे
ghasi,घासी,घिसाई
ghisai,घिसाई,घबराहट
ghisi,घिसी,घिसी
ghise,घिसे,घासी
ghumakkadi,घुमक्कड़ी,घुमक्कड़ी
ghumakkdi,घुमक्कड़ी,घुमक्कड़ी
ghumakkadon,घुमक्कड़ों,घुमक्कड़ों
ghumakkaron,घुमक्कड़ों,घुमक्कड़ों
ghumakkdon,घुमक्कड़ों,घुमक्कड़ों
ghummakkadon,घुमक्कड़ों,घुमाण
ghumaan,घुमाण,घुमक्कड़ों
ghuman,घुमाण,घुमाण
ghoonsa,घूंसा,घूंसा
ghunsa,घूंसा,घूंसा
ghongha,घोंघा,घोंघा
ghontane,घोंटने,घोंटने
ghontne,घोंटने,घोंटने
ghot,घोट,घोट
ghodi,घोड़ी,घोड़ी
ghost,घोस्ट,चंगुल
changul,चंगुल,चंदन
chand,चंद,चंद
chandan,चंदन,चंदन
chandana,चंदन,घोस्ट
chandu,चंदू,चंदू
chandon,चंदों,चंदों
chandrabali,चंद्रबली,चंद्रबली
chandramaon,चंद्रमाओं,चंद्रमाओं
chakatte,चकत्ते,चकत्ते
chaktte,चकत्ते,चक्षु
chakkar,चक्कर,चक्कर
chkkar,चक्कर,चकत्ते
chakshu,चक्षु,चक्कर
chatagaon,चटगांव,चटगांव
chatgaon,चटगांव,चटगांव
chadhane,चढ़ने,चढ़ने
chadhne,चढ़ने,चढ़ने
chaturdik,चतुर्दिक,चतुर्दिक
chatunshkoniy,चतुष्कोणीय,चतुष्कोणीय
chatushkoniy,चतुष्कोणीय,चतुष्कोणीय
chatushkoniya,चतुष्कोणीय,चबूतरे
channa,चन्ना,चन्ना
chabate,चबाते,चबाते
chabutare,चबूतरे,चतुष्कोणीय
chabutre,चबूतरे,चबूतरे
chamakna,चमकना,चमकना
chamkana,चमकना,चमकना
charas,चरस,चरस
charit,चरित,चरित
charcha,चर्चा,चलेंगे
churcha,चर्चा,चर्चा
charchaon,चर्चाओं,चर्चाओं
chalenge,चलेंगे,चर्चा
chlenge,चलेंगे,चलेंगे
chahunaur,चहुंओर,चहुंओर
chahunor,चहुंओर,चहुंओर
chanval,चांवल,चांवल
chanwal,चांवल,चांवल
chachaji,चाचाजी,चाचाजी
chadar,चादर,चादरों
chadaron,चादरों,चान
chadron,चादरों,चादर
chan,चान,चादरों
chanan,चानन,चानन
chaplusi,चापलूसी,चापलूसी
chayal,चायल,चायल
char,चार,चार
charon,चारों,चारों
charge,चार्ज,चार्ज
chart,चार्ट,चार्टों
charton,चार्टों,चार्ट्स
charts,चार्ट्स,चालित
chaalit,चालित,चार्ट
chalit,चालित,चालित
chikitsak,चिकित्सक,चिकित्सक
chikitsakon,चिकित्सकों,चिकित्सकों
chikhali,चिखली,चिखली
chiththi,चिट्ठी,चिट्ठी
chitthi,चिट्ठी,चिट्ठी
chithhi,चिठ्ठी,चिठ्ठी
chiththi,चिठ्ठी,चिठ्ठी
chitthi,चिठ्ठी,चिड़चिड़ापन
chidchidapan,चिडचिडापन,चिठ्ठी
chidchidapan,चिड़चिड़ापन,चिडचिडापन
chidhate,चिढ़ते,चिढ़ते
chidhte,चिढ़ते,चिढ़ते
chithrkar,चित्रकार,चित्रकार
chitrkar,चित्रकार,चित्रकार
chipakane,चिपकने,चिपकने
chipakne,चिपकने,चिपकने
chipkane,चिपकने,चिल्लाने
chimati,चिमटी,चिपकने
chimti,चिमटी,चिमटी
chillane,चिल्लाने,चिमटी
chee,ची,ची
chi,ची,ची
chuka,चुका,चुका
chune,चुने,चुने
chunar,चूनर,चूनर
changed,चेंज्ड,चेट्टी
chetti,चेट्टी,चेरो
chennai,चेन्नई,चेन्नई
chero,चेरो,चेंज्ड
chest,चेस्ट,चेस्ट
championship,चैंपियनशिप,चैंपियनशिप
chor,चोर,चोर
choro,चोरों,चोरों
choron,चोरों,चोरों
chauk,चौक,चौक
chowk,चौक,चौकियां
chauka,चौका,चौका
chuka,चौका,चौक
chaukiyan,चौकियां,चौका
chauki,चौकी,चौकी
chaukhate,चौखटे,चौखटे
chauguni,चौगुनी,चौगुनी
chauda,चौड़ा,चौड़ा
chaudah,चौड़ा,चौड़ा
chaudahavan,चौदहवां,चौदहवां
chaudhavan,चौदहवां,चौपाटी
chaudhawan,चौदहवां,चौदहवां
chaupati,चौपाटी,चौदहवां
chupaty,चौपाटी,चौपाटी
chaupal,चौपाल,चौपाल
chaurai,चौरई,चौरई
chausinga,चौसिंगा,चौसिंगा
chausingha,चौसिंगा,चौसिंगा
chhagan,छगन,छगन
chhabi,छबि,छबि
chhalla,छल्ला,छल्ला
chhallaa,छल्ला,छवियाँ
chhaviyaan,छवियाँ,छवियाँ
chhaviyan,छवियाँ,छवी
chhavi,छवी,छल्ला
cheh,छह,छह
chhah,छह,छह
chehon,छहों,छहों
chhahon,छहों,छहों
chhai,छाई,छाई
chhagla,छागला,छाजन
chhajan,छाजन,छागला
chhaati,छाती,छापेमार
chhati,छाती,छाती
chhaapemaar,छापेमार,छाती
chhapemar,छापेमार,छापेमार
chheenk,छींक,छींक
chhink,छींक,छींक
chink,छींक,छींक
chenkein,छींके,छींके
chhekein,छींके,छुडाने
chhinke,छींके,छींके
chhinky,छींके,छींके
chinke,छींके,छींके
chhudaane,छुडाने,छींके
chhudane,छुडाने,छुडाने
chhupakar,छुपकर,छुपकर
chhupkar,छुपकर,छुपकर
chhupkr,छुपकर,छुपकर
chhupata,छुपता,छुपता
chhupta,छुपता,छुरा
chhuptaa,छुपता,छुरा
chhura,छुरा,छुपता
chhuraa,छुरा,छुरी
chhuree,छुरी,छुपता
chhuri,छुरी,छुरी
chhure,छुरे,छुरे
chhootane,छूटने,छूटने
chhutane,छूटने,छूटने
chhutne,छूटने,छूटने
chheter,छेत्र,छेत्री
chhetr,छेत्र,छेत्र
chhetter,छेत्र,छेत्र
chhetri,छेत्री,छेत्री
chhetthari,छेत्री,छेत्र
chhetthri,छेत्री,छेत्री
chai,छै,छै
chhai,छै,छै
chhe,छै,छै
jagaega,जगाएगा,जगाएगा
jagayega,जगाएगा,जगाएगा
jaghaega,जगाएगा,जगाएगा
jgaayega,जगाएगा,जगाएगा
jgayegaa,जगाएगा,जगाएगा
jajaon,जजों,जजों
jajon,जजों,जजों
jad,जड़,जड़
jadd,जड़,जड़
jaddit,जड़ित,जड़ित
jadeite,जड़ित,जड़ित
jadet,जड़ित,जड़ें
jadit,जड़ित,जड़ें
jadein,जड़ें,जड़ित
jaden,जड़ें,जतरा
jatara,जतरा,जड़ित
jatra,जतरा,जतरा
jataati,जताती,जताती
jatatee,जताती,जताती
jatati,जताती,जताती
janagananaa,जनगणना,जनगणना
janaganna,जनगणना,जनजागरण
jangadnaa,जनगणना,जनगणना
janganana,जनगणना,जनगणना
janganna,जनगणना,जनगणना
janajagran,जनजागरण,जनगणना
janjaagran,जनजागरण,जनजागरण
janjagran,जनजागरण,जनजागरण
january,जनवरी,जनवरी
janahaani,जनहानि,जनहानि
janahani,जनहानि,जनहानि
janhaani,जनहानि,जमाती
janhani,जनहानि,जमाती
jnhaani,जनहानि,जनहानि
jamaate,जमाती,जनहानि
jamaati,जमाती,जनहानि
jamati,जमाती,जमाती
jamaaya,जमाया,जमाया
jamaeya,जमाया,जमाया
jamaya,जमाया,जमाया
jamayaa,जमाया,जमाया
jamuai,जमुई,जय
jamuei,जमुई,जमुई
jamui,जमुई,जय
jai,जय,जमुई
jay,जय,जमुई
jaidayal,जयदयाल,जयदयाल
jayadayal,जयदयाल,जयदयाल
jaydayal,जयदयाल,जयदयाल
jaibaan,जयबाण,जयबाण
jaiban,जयबाण,जयबाण
jaybaan,जयबाण,जयबाण
jayalalita,जयललिता,जयललिता
jayalalitaa,जयललिता,जयललिता
jayalalithaa,जयललिता,जयललिता
jaylalita,जयललिता,जयललिता
jarakh,जरख,जरख
zarakh,जरख,जरख
jarda,जर्दा,जर्दा
jardaa,जर्दा,जर्दा
zarda,जर्दा,जर्दा
jalagati,जलगति,जलभराव
jalgati,जलगति,जलगति
jalgti,जलगति,जलगति
jalte,जलते,जलते
jalbharav,जलभराव,जलगति
jalbhraav,जलभराव,जलभराव
jalbhrav,जलभराव,जलभराव
jalvaayu,जलवायु,जलवायु
jalvayu,जलवायु,जलवायु
jalesar,जलेसर,जलेसर
jasmeet,जसमीत,जस्सी
jasmit,जसमीत,जसमीत
jassee,जस्सी,जस्सी
jassi,जस्सी,ज़माना
jamaanaa,ज़माना,जसमीत
jamana,ज़माना,ज़माना
zamaanaa,ज़माना,ज़माना
zamana,ज़माना,ज़माना
jaljale,ज़लज़ले,ज़लज़ले
zalzale,ज़लज़ले,ज़लज़ले
zee,ज़ी,ज़ी
jubaan,ज़ुबान,ज़ुबान
juban,ज़ुबान,ज़ुबान
zuban,ज़ुबान,जाँच
jaanch,जाँच,ज़ुबान
jaaunch,जाँच,जाँच
janch,जाँच,जाँच
jaunch,जाँच,जाँच
jaagriti,जागृति,जागृति
jagriti,जागृति,जागृति
jagruti,जागृति,जाजमऊ
jajamau,जाजमऊ,जाजमऊ
jajmau,जाजमऊ,जाजमऊ
jajmauu,जाजमऊ,जात
jaat,जात,जागृति
jat,जात,जात
jaatak,जातक,जातक
jatak,जातक,जातक
jaatakon,जातकों,जातकों
jaatkon,जातकों,जातकों
jatakon,जातकों,जातियों
jaatiyon,जातियों,जानकारों
jatiyon,जातियों,जातियों
jaankaaron,जानकारों,जातकों
jaankaron,जानकारों,जानकारों
jankaron,जानकारों,जानकारों
jaanam,जानम,जानम
janam,जानम,जानम
jaayke,जायके,जायके
jayke,जायके,जायके
jaawar,जावर,जिन
zawar,जावर,जिन
jing,जिंग,जिंग
gin,जिन,जावर
jeen,जिन,जावर
jin,जिन,जिन
ginee,जिनी,जिनी
jinee,जिनी,जिनी
jini,जिनी,जिनी
geneva,जिनीवा,जिनीवा
jeneva,जिनीवा,जिया
jiniva,जिनीवा,जिम्मे
gypsy,जिप्सी,जिनीवा
jimme,जिम्मे,जिप्सी
jiya,जिया,जिनीवा
gic,जीआईसी,जीआईसी
gr,जीआर,जीआर
gm,जीएम,जीएम
gsm,जीएसएम,जीएसएम
gtod,जीतोड़,जीतोड़
gtor,जीतोड़,जीतोड़
jeetod,जीतोड़,जीतोड़
jitod,जीतोड़,जीन
jean,जीन,जीतोड़
jeen,जीन,जीन
jin,जीन,जीन
jeenon,जीनों,जीनों
jinon,जीनों,जीनों
jeepney,जीपनी,जीपनी
jipani,जीपनी,जीपनी
jeeyo,जीयो,जीयो
jio,जीयो,जीरा
jiyo,जीयो,जीयो
jeera,जीरा,जीयो
jira,जीरा,जीरा
jeevant,जीवंत,जीवंत
jivant,जीवंत,जीवंत
jeevan,जीवन,जीवन
jeewan,जीवन,जीवन
jivan,जीवन,जीवन
jiwan,जीवन,जीवनशैली
jeevanshaili,जीवनशैली,जीवनशैली
jivanshaili,जीवनशैली,जीवनियां
jeevniyaan,जीवनियां,जीवनियां
jivaniya,जीवनियां,जीवन
jivaniyaan,जीवनियां,जीवनियां
jivaniyan,जीवनियां,जीवनियां
jeevraaj,जीवराज,जीवराज
jivraj,जीवराज,जीवराज
jua,जुए,जुए
jue,जुए,जुटी
juye,जुए,जुड़ाई
jutee,जुटी,जुटी
juti,जुटी,जुए
judaai,जुड़ाई,जुए
judae,जुड़ाई,जुड़ाई
judai,जुड़ाई,जुड़ाई
judaai,जुदाई,जुदाई
judai,जुदाई,जुदाई
junoon,जुनून,जुनून
junun,जुनून,जुबेर
junooni,जुनूनी,जुनूनी
jununi,जुनूनी,जुनूनी
jubair,जुबेर,जुनून
juber,जुबेर,जुबेर
zubair,जुबेर,जुबेर
juraab,जुराब,जुराब
jurab,जुराब,जुराब
julaahon,जुलाहों,जुलाहों
julahon,जुलाहों,जुलाहों
julmon,जुल्मों,जूड
zulmon,जुल्मों,जुल्मों
jood,जूड,जुल्मों
jud,जूड,जूड
junagadh,जूनागढ,जूनागढ
junagarh,जूनागढ,जूनागढ
junior,जूनियर,जूनियर
jealous,जूलूस,जूलूस
juloos,जूलूस,जूलूस
julus,जूलूस,जूलूस
jetha,जेठा,जेठा
jenner,जेनर,जेनर
generic,जेनरिक,जेनरिक
jenrick,जेनरिक,जेनरेट
generat,जेनरेट,जेनरिक
generate,जेनरेट,जेनरेट
jenee,जेनी,जेनी
jenni,जेनी,जेनी
jenny,जेनी,जेनी
james,जेम्स,जेम्स
jeremy,जेरेमी,जेरोम
gerome,जेरोम,जेरेमी
jerome,जेरोम,जैक्स
jacks,जैक्स,जेरोम
jain,जैन,जैन
gene,जैने,जैने
jaine,जैने,जैने
jaino,जैनों,जैनों
jainon,जैनों,जैनों
jerry,जैरी,जैरी
jasper,जैस्पर,जैस्पर
jogging,जॉगिंग,जोकि
johnson,जॉनसन,जॉनसन
jobs,जॉब्स,जॉगिंग
jockey,जोकि,जॉब्स
joki,जोकि,जोकि
jokhim,जोखिम,जोखिम
joddta,जोड़ता,जोड़ता
jodta,जोड़ता,जोड़ता
jorhta,जोड़ता,जोड़ता
jodiyon,जोड़ियों,जोड़ियों
jodo,जोड़ो,ज्ञातव्य
jaun,जौं,ज्ञातव्य
gyatavya,ज्ञातव्य,जोड़ो
gyatvy,ज्ञातव्य,जौं
gyapit,ज्ञापित,ज्ञापित
jyotiba,ज्योतिबा,ज्योतिबा
joint,ज्वाइंट,ज्वाइंट
jvar,ज्वार,ज्वार
jwar,ज्वार,ज्वार
jvaaron,ज्वारों,ज्वेलर्स
jvaron,ज्वारों,झ
jwaron,ज्वारों,ज्वारों
jewellers,ज्वेलर्स,ज्वारों
jh,झ,ज्वारों
jha,झ,झ
jhalakti,झलकती,झलकती
jhalkati,झलकती,झलकती
jhalla,झल्ला,झल्ला
jhankana,झांकना,झांकना
jhankna,झांकना,झीलों
jheel,झील,झीलों
jhil,झील,झील
jheelon,झीलों,झील
jhilon,झीलों,झांकना
jhuthala,झुठला,झुठला
jhuthla,झुठला,झुठला
jhuthalane,झुठलाने,झुठलाने
jhuthlane,झुठलाने,झुठलाने
tankaar,टंकार,टंकार
tankar,टंकार,टंकार
takara,टकरा,टकरावों
takra,टकरा,टकरावों
takaraon,टकरावों,टकरा
takravon,टकरावों,टकरा
tapakti,टपकती,टपकती
tapkati,टपकती,टपकती
time,टाइम,टाइम
timer,टाइमर,टाइमर
taoo,टाऊ,टाऊ
tau,टाऊ,टापुओं
tapoowo,टापुओं,टायर्ड
tapuon,टापुओं,टापुओं
tapuwo,टापुओं,टाऊ
tied,टायर्ड,टापुओं
tired,टायर्ड,टायर्ड
tyred,टायर्ड,टायर्ड
tarch,टार्च,टार्च
torch,टार्च,टार्च
tik,टिक,टिक
teap,टिप,टिप्पणीकार
tip,टिप,टिवोली
tippanikar,टिप्पणीकार,टिप
tippnikar,टिप्पणीकार,टिप
tivolee,टिवोली,टिप्पणीकार
tivoli,टिवोली,टिवोली
teekamgarh,टीकमगढ़,टीकमगढ़
tikamgarh,टीकमगढ़,टीकमगढ़
teekon,टीकों,टीकों
tikon,टीकों,टीकों
two,टु,टेंशन
tension,टेंशन,टेस्ट
tenis,टेनिस,टु
tennis,टेनिस,टेनिस
taste,टेस्ट,टेनिस
test,टेस्ट,टेस्ट
tasting,टेस्टिंग,टेस्टिंग
testing,टेस्टिंग,टेस्टिंग
tainin,टैनिन,टैनिन
tenin,टैनिन,टैनिन
tanish,टैनिस,टैबू
tennis,टैनिस,टैबू
taboo,टैबू,टैनिस
taiboo,टैबू,टैबू
taobao,टैबू,टैनिस
tonic,टॉनिक,टॉनिक
tonga,टोंगा,टोंगा
toka,टोका,टोका
tuesday,ट्यूजडे,ट्यूजडे
tuning,ट्यूनिंग,ट्यूनिंग
tuberculosis,ट्यूबरक्यूलोसिस,ट्रक
tuberkyulosis,ट्यूबरक्यूलोसिस,ट्यूबरक्यूलोसिस
truck,ट्रक,ट्रांजिस्टर
trangistor,ट्रांजिस्टर,ट्रांजिस्टर
tranjister,ट्रांजिस्टर,ट्यूबरक्यूलोसिस
transistor,ट्रांजिस्टर,ट्रांजिस्टर
transfer,ट्रान्सफर,ट्रान्सफर
tribunal,ट्रिब्युनल,ट्रिब्युनल
tribunal,ट्रिब्यूनल,ट्रिब्यूनल
trubyunal,ट्रिब्यूनल,ट्रिब्यूनल
truth,ट्रुथ,ट्रेडेड
tuth,ट्रुथ,ट्रेबल
traded,ट्रेडेड,ट्रुथ
trabal,ट्रेबल,ट्रेबल
trebal,ट्रेबल,ट्रुथ
trouble,ट्रेबल,ट्रेबल
traip,ट्रैप,ट्रैप
trap,ट्रैप,ट्रैप
trot,ट्रॉट,ट्रॉट
trott,ट्रॉट,ट्रॉट
thakkar,ठक्कर,ठक्कर
thakkr,ठक्कर,ठक्कर
thaharne,ठहरने,ठहरने
thahrane,ठहरने,ठहरने
theharne,ठहरने,ठहरने
thikane,ठिकाने,ठिकाने
thumari,ठुमरी,ठुमरी
thumri,ठुमरी,ठुमरी
theinga,ठेंगा,ठेंगा
thenga,ठेंगा,ठेंगा
thengaa,ठेंगा,डभरा
daglas,डगलस,ठेंगा
douglas,डगलस,डभरा
dabhara,डभरा,डगलस
dabhra,डभरा,डगलस
dabhoi,डभोई,डभोई
dam,डम,डम
dum,डम,डम
darate,डराते,डराते
daratey,डराते,डराते
daravani,डरावनी,डाक
darawani,डरावनी,डरावनी
dravani,डरावनी,डाउन
down,डाउन,डरावनी
daak,डाक,डरावनी
dak,डाक,डाक
daka,डाका,डाका
dabi,डाबी,डाबी
dabolim,डाबोलिम,डाबोलिम
dinosaur,डायनासोर,डायनासोर
diaries,डायरीज,डिप्थीरिया
dit,डिट,डीई
depthiriya,डिप्थीरिया,डायरीज
diphtheria,डिप्थीरिया,डिट
de,डीई,डिप्थीरिया
dealership,डीलरशिप,डीलरशिप
dvc,डीवीसी,डीवीसी
dubaana,डुबाना,डुबाना
dubana,डुबाना,डुबाना
dubona,डुबोना,डुबोना
dulne,डुलने,डूंगरपुर
doonarpur,डूंगरपुर,डूंगरपुर
doongarpur,डूंगरपुर,डुलने
dungarpur,डूंगरपुर,डूंगरपुर
dungerpur,डूंगरपुर,डूंगरपुर
dubana,डूबना,डूबना
dubna,डूबना,डूबना
dangerous,डेंजरस,डेंजरस
daisy,डेजी,डेजी
dazy,डेजी,डेजी
deji,डेजी,डेविडसन
deputy,डेप्युटी,डेप्युटी
davidson,डेविडसन,डेविडसन
devidson,डेविडसन,डेजी
davey,डेवी,डेवी
devi,डेवी,डेवी
dewey,डेवी,डेवी
destination,डेस्टिनेशन,डेस्टिनेशन
datson,डैटसन,डैटसन
datsun,डैटसन,डैटसन
daddy,डैडी,डोज
dark,डॉर्क,डोमेनिक
dork,डॉर्क,डॉर्क
dose,डोज,डैडी
domenic,डोमेनिक,डॉर्क
doranda,डोरंडा,डोरंडा
dolane,डोलने,डोलने
dolne,डोलने,डोलने
dual,ड्युअल,ड्युअल
duak,ड्यूक,ड्यूक
duke,ड्यूक,ड्यूक
drame,ड्रामे,ड्रामे
dramen,ड्रामे,ड्रामे
drager,ड्रेजर,ड्रेजर
dredger,ड्रेजर,ड्रेजर
dreijer,ड्रेजर,ड्रेजर
dhakaal,ढकाल,ढकाल
dhakal,ढकाल,ढकाल
dhakkal,ढकाल,ढकाल
dhkal,ढकाल,ढकाल
dhale,ढले,ढले
dhoondh,ढूंढ,ढूंढ
dhundh,ढूंढ,ढूंढ
dhoondhata,ढूंढता,ढूंढता
dhundhata,ढूंढता,ढूंढता
dhundhta,ढूंढता,ढूंढता
dhoondhi,ढूंढी,ढूंढी
dhundhi,ढूंढी,ढूंढी
tanjavur,तंजावुर,तंजावुर
thanjavur,तंजावुर,तंजावुर
tantr,तंत्र,तंत्र
tantra,तंत्र,तंत्रों
tantrikao,तंत्रिकाओं,तंत्रिकाओं
tantrikaon,तंत्रिकाओं,तंत्रिकाओं
tantro,तंत्रों,तंत्र
tantron,तंत्रों,तंत्रों
tagade,तगड़े,तगड़े
tagde,तगड़े,तगड़े
tadipaar,तड़ीपार,तड़ीपार
tadipar,तड़ीपार,तड़ीपार
tani,तनी,तपन
tapan,तपन,तरफा
tarafa,तरफा,तरफा
tarfa,तरफा,तरबगंज
tarabganj,तरबगंज,तनी
taras,तरस,तरस
taraash,तराश,तराश
tarash,तराश,तराश
tarashay,तराशे,तराशे
tarashe,तराशे,तराशे
tareeko,तरीको,तरीको
tariko,तरीको,तर्कवाद
tark,तर्क,तर्क
tarkvaad,तर्कवाद,तर्कवाद
tarkvad,तर्कवाद,तरीको
tarkwaad,तर्कवाद,तर्कवाद
tarko,तर्कों,तर्कों
tarkon,तर्कों,तर्कों
talabgaar,तलबगार,तलबगार
talabgar,तलबगार,तलबगार
talbagaar,तलबगार,तलबगार
talbagar,तलबगार,तलवे
talawe,तलवे,तलवों
talve,तलवे,तलवे
talawon,तलवों,तलबगार
talvon,तलवों,तलवों
tahakhana,तहखाना,तहखाना
tahkhaana,तहखाना,तहखाना
tahkhana,तहखाना,तहखाना
taantaa,तांता,तांता
tanta,तांता,तांबे
tambe,तांबे,ताजा
tanbe,तांबे,तांबे
taaja,ताजा,ताजा
taajaa,ताजा,तांता
taaza,ताजा,ताजा
taja,ताजा,ताजा
taza,ताजा,ताजा
tansen,तानसेन,तानसेन
taapmaanon,तापमानों,तापमानों
tapmano,तापमानों,तापमानों
tapmanon,तापमानों,ताप्ती
taapti,ताप्ती,तापमानों
tapti,ताप्ती,ताप्ती
tarabai,ताराबाई,ताराबाई
taseer,तासीर,तासीर
tasir,तासीर,तासीर
taahi,ताहि,ताहि
tahi,ताहि,ताहि
tikone,तिकोने,तिकोने
tirupati,तिरूपति,तिवारी
tiwari,तिवारी,तिरूपति
ti,ती,ती
teer,तीर,तीर
tir,तीर,तीर
teeron,तीरों,तीरों
tiron,तीरों,तीरों
tirthatan,तीर्थाटन,तीर्थाटन
tungnath,तुंगनाथ,तुंगनाथ
tughlaq,तुगलक,तुगलक
tuglak,तुगलक,तुगलकाबाद
tughlakabad,तुगलकाबाद,तुगलकाबाद
tughlaqabad,तुगलकाबाद,तुगलकाबाद
tuglakabad,तुगलकाबाद,तुगलकी
tugalaki,तुगलकी,तुगलक
tugalki,तुगलकी,तुगलकी
tuglaki,तुगलकी,तुगलकी
tufail,तुफैल,तुफैल
tejaji,तेजाजी,तेजाजी
teji,तेजी,तेजी
tel,तेल,तो
telon,तेलों,तेलों
to,तो,तो
toh,तो,तौल
taul,तौल,तेल
tyohaar,त्यौहार,त्यौहार
tyohar,त्यौहार,त्यौहार
tyoihar,त्यौहार,त्यौहार
tyauharon,त्यौहारों,त्यौहारों
tyoharon,त्यौहारों,त्यौहारों
tyoiharon,त्यौहारों,त्रिजटा
trijata,त्रिजटा,त्रैमासिक
trijta,त्रिजटा,त्यौहारों
triya,त्रिया,त्रिजटा
tremasik,त्रैमासिक,त्रिया
trimasik,त्रैमासिक,त्रैमासिक
tse,त्से,त्से
thaki,थकी,थकी
thki,थकी,थकी
tharti,थर्टी,थर्टी
thirty,थर्टी,थर्टी
thane,थाणे,थानवी
thaanvi,थानवी,थिएटरों
thanvi,थानवी,थानवी
theateron,थिएटरों,थाणे
theatron,थिएटरों,थिएटरों
theaters,थिएटर्स,थिएटर्स
theater,थियेटर,थियेटर
theatre,थियेटर,थियेटर
theateron,थियेटरों,थियेटरों
theatron,थियेटरों,थियेटरों
thitron,थियेटरों,थियेटर्स
theaters,थियेटर्स,थियेटर्स
theatrs,थियेटर्स,थियेटरों
thiyeters,थियेटर्स,थियेटर्स
thirake,थिरके,थिरके
thirke,थिरके,थिरके
thief,थीफ,थीफ
then,थेन,थेन
theni,थेनी,थेनी
thailee,थैली,थैले
thaili,थैली,थैली
thaile,थैले,दंगा
dang,दंग,थैली
danga,दंगा,दंग
dangon,दंगों,दंगों
dampati,दंपति,दंपति
danpati,दंपति,दंपति
dampatiyon,दंपतियों,दंपतियों
dampattiyon,दंपतियों,दंपतियों
danptiyon,दंपतियों,ददरेवा
dadreva,ददरेवा,ददरेवा
dadrewa,ददरेवा,दमोह
damoh,दमोह,दंपतियों
dardara,दरदरा,दरदरा
dardraa,दरदरा,दरदरा
durdhara,दरदरा,दरदरा
darmiyaan,दरमियान,दरमियान
darmiyan,दरमियान,दरमियान
darjano,दर्जनों,दर्जनों
darjanon,दर्जनों,दलबदल
darp,दर्प,दर्रा
darra,दर्रा,दर्जनों
dalbadal,दलबदल,दलबदल
dalbadl,दलबदल,दर्प
dali,दली,दली
dastaanaa,दस्ताना,दस्ताना
dastana,दस्ताना,दस्ताना
dastavej,दस्तावेज,दस्तावेज
dahan,दहन,दहन
dahal,दहल,दा
da,दा,दहल
daakhil,दाखिल,दाखिल
dakhil,दाखिल,दाखिले
daakhile,दाखिले,दाखिल
dakhile,दाखिले,दाखिले
daataa,दाता,दाता
data,दाता,दाता
dadari,दादरी,दादरी
daanshil,दानशील,दानशील
danshil,दानशील,दामले
daabholkar,दाभोलकर,दानशील
dabholkar,दाभोलकर,दाभोलकर
damale,दामले,दाभोलकर
damle,दामले,दामले
dayitv,दायित्व,दायित्व
dayitva,दायित्व,दायित्व
dayitwa,दायित्व,दायित्व
dayitvon,दायित्वों,दायित्वों
dayityon,दायित्वों,दायित्वों
darul,दारूल,दाव
daav,दाव,दारूल
daaw,दाव,दाव
dav,दाव,दाव
daw,दाव,दाव
daah,दाह,दाह
dah,दाह,दाह
dikhla,दिखला,दिखला
dikhlaa,दिखला,दिखला
dikhaaiye,दिखाइये,दिखाइये
dikhaiye,दिखाइये,दिखाइये
dikhaai,दिखाई,दिखाई
dikhai,दिखाई,दिखाईं
dikhayi,दिखाई,दिखाई
dikhaaee,दिखाईं,दिखाई
dikhaai,दिखाईं,दिखाईं
dikhaain,दिखाईं,दिखाईं
dikhaee,दिखाईं,दिखाईं
dikhai,दिखाईं,दिखाईं
dikhayin,दिखाईं,दिखाईं
dikhai,दिखायी,दिखार्इ
dikhayi,दिखायी,दिखायी
dikhaai,दिखार्इ,दिखायी
dikhae,दिखार्इ,दिखार्इ
dikhai,दिखार्इ,दिखार्इ
dikhayi,दिखार्इ,दिखार्इ
dita,दिता,दिता
ditaa,दिता,दिता
dinaank,दिनांक,दिनांक
dinank,दिनांक,दिनांक
dirham,दिरहम,दिवानी
dilaaye,दिलाये,दिरहम
dilaye,दिलाये,दिलाये
deewani,दिवानी,दिवानी
diwani,दिवानी,दिलाये
divy,दिव्य,दिव्य
divya,दिव्य,दिव्य
divyata,दिव्यता,दिव्यता
divya,दिव्या,दिव्या
deepan,दीपन,दीपन
deepn,दीपन,दीपसिंह
dipan,दीपन,दीपन
deepsingh,दीपसिंह,दीपन
dipsingh,दीपसिंह,दीपसिंह
deepika,दीपिका,दीपिका
dipika,दीपिका,दीपिका
deeya,दीया,दीया
diya,दीया,दीया
dukaanon,दुकानों,दुकानों
dukanon,दुकानों,दुकानों
dukke,दुक्के,दुखित
dukhan,दुखन,दुखियों
dukhit,दुखित,दुक्के
dukhiyon,दुखियों,दुखन
dukhon,दुखों,दुखों
dubhashiyon,दुभाषियों,दुभाषियों
durgun,दुर्गुण,दुर्गुण
durghatna,दुर्घटना,दुर्घटना
durghtna,दुर्घटना,दुर्घटना
duneerti,दुर्नीति,दुर्नीति
durniti,दुर्नीति,दुविधाएं
durbhiksh,दुर्भिक्ष,दुर्भिक्ष
duvidhaaen,दुविधाएं,दुर्नीति
duvidhaayein,दुविधाएं,दुविधाएं
duvidhaen,दुविधाएं,दुविधाएं
duwaidhaayein,दुविधाएं,दुविधाएं
dune,दूने,दूने
doordarshan,दूरदर्शन,दूरदर्शन
durdarshan,दूरदर्शन,दूरदर्शन
dradh,दृढ़,दृढ़
dridh,दृढ़,देनेवाली
dekhoge,देखोगे,देनेवाली
denevaali,देनेवाली,देनेवाली
denevali,देनेवाली,दृढ़
denewaali,देनेवाली,देखोगे
denewali,देनेवाली,देनेवाली
deonar,देवनार,देवनार
devnaar,देवनार,देवनार
devnar,देवनार,देवनार
devaapur,देवापुर,देवापुर
devapur,देवापुर,देवापुर
devi,देवी,देवी
devisingh,देवीसिंह,देशकाल
devisinh,देवीसिंह,देवीसिंह
deshkaal,देशकाल,देवीसिंह
deshkal,देशकाल,देशकाल
deshke,देशके,देशके
desai,देसाई,देसाई
doge,दोगे,दोगे
dvadash,द्वादश,द्वादश
dwaadas,द्वादश,धंधे
dvivedi,द्विवेदी,द्वादश
dwivedi,द्विवेदी,द्विवेदी
dhande,धंधे,द्विवेदी
dhandhe,धंधे,धंधे
dhndhe,धंधे,धंधे
dhandhon,धंधों,धंधों
dhandon,धंधों,धंधों
dhakelte,धकेलते,धकेलते
dhkelate,धकेलते,धकेलते
dhatana,धटना,धटना
dhatna,धटना,धनकुबेर
dhankuber,धनकुबेर,धनधान्य
dhanadhany,धनधान्य,धटना
dhandhaanya,धनधान्य,धनधान्य
dhandhany,धनधान्य,धनधान्य
dhandhanya,धनधान्य,धनधान्य
dhamkaataa,धमकाता,धमकाता
dhamkata,धमकाता,धमकाता
dhamm,धम्म,धम्म
dhamma,धम्मा,धर्मेश
dhammaa,धम्मा,धम्मा
dharmnath,धर्मनाथ,धर्मनाथ
dharmraj,धर्मराज,धम्मा
dharmesh,धर्मेश,धर्मराज
dhasmaanaa,धस्माना,धस्माना
dhasmana,धस्माना,धस्माना
dhaak,धाक,धाक
dhak,धाक,धाक
dhaaga,धागा,धागा
dhaagaa,धागा,धातुएं
dhaga,धागा,धातुएं
dhaatuein,धातुएं,धागा
dhaatuyein,धातुएं,धागा
dhtuen,धातुएं,धातुएं
dhaarak,धारक,धारक
dharak,धारक,धारक
dhaari,धारी,धारी
dhari,धारी,धारी
dhuan,धुआं,धुआं
dhunaai,धुनाई,धुनाई
dhunai,धुनाई,धुरिया
dhuriya,धुरिया,धूनी
dhuriyaa,धुरिया,धुरिया
dhuni,धूनी,धुनाई
dhairyavaan,धैर्यवान,धैर्यवान
dhairyawan,धैर्यवान,धैर्यवान
dhiryavan,धैर्यवान,धैर्यवान
dhiryawaan,धैर्यवान,धैर्यवान
dhokebaaj,धोखेबाज,धोखेबाज
dhokebaaz,धोखेबाज,धोखेबाज
dhokebaj,धोखेबाज,धोखेबाज
dhokebaz,धोखेबाज,धोखेबाज
dhokhebaaj,धोखेबाज,धोखेबाज
dhokhebaj,धोखेबाज,धोखेबाज
dhona,धोना,धोना
dhonaa,धोना,धोना
dhoraaji,धोराजी,धोराजी
dhoraji,धोराजी,धोराजी
dhoron,धोरों,धोरों
dhyeyavaadi,ध्येयवादी,ध्येयवादी
dhyeywadi,ध्येयवादी,ध्येयवादी
dyeyvadi,ध्येयवादी,ध्रुपद
dhrupad,ध्रुपद,ध्रुपद
drupad,ध्रुपद,ध्येयवादी
nandanvan,नंदनवन,नंदनवन
nadsa,नक्सल,नक्सल
naksal,नक्सल,नक्सल
naxal,नक्सल,नक्सल
naksalavaad,नक्सलवाद,नक्सलवाद
naksalwaad,नक्सलवाद,नक्सलवाद
naksalwad,नक्सलवाद,नक्सलवाद
naxalvaaad,नक्सलवाद,नक्सलियों
naxalwaad,नक्सलवाद,नक्सलवाद
naksaliyon,नक्सलियों,नक्सलवाद
naxaliyon,नक्सलियों,नक्सलियों
naksali,नक्सली,नक्सली
naxali,नक्सली,नक्सली
nagaada,नगाड़ा,नगाड़ा
nagaadaa,नगाड़ा,नगाड़ा
nagaaraa,नगाड़ा,नजरंदाज
nageene,नगीने,नगाड़ा
nagine,नगीने,नजरंदाज
najarandaaj,नजरंदाज,नगीने
najarandaaz,नजरंदाज,नगीने
nazarandaaj,नजरंदाज,नजरंदाज
nazarandaaz,नजरंदाज,नजरंदाज
nazarandaz,नजरंदाज,नजरंदाज
najraane,नजराने,नजराने
nazraane,नजराने,नजराने
najariyon,नजरियों,नजीब
najriyon,नजरियों,नजरियों
najron,नजरों,नजरियों
najeeb,नजीब,नजीब
najib,नजीब,नजरों
najibabaad,नजीबाबाद,नजीबाबाद
najibabad,नजीबाबाद,नजीबाबाद
najeem,नजीम,नजीम
najim,नजीम,नजीम
nazeem,नजीम,नजीम
nana,नना,नन्हें
nanaa,नना,नना
nna,नना,नना
nanhe,नन्हें,नना
nanhein,नन्हें,नन्हें
nabj,नब्ज़,नब्ज़
nabja,नब्ज़,नब्ज़
nabz,नब्ज़,नब्ज़
namkeen,नमकीन,नमकीन
namkin,नमकीन,नमकीन
narnaari,नरनारी,नरम
narnari,नरनारी,नरनारी
narbhakshi,नरभक्षी,नरम
naram,नरम,नरभक्षी
narm,नरम,नरनारी
narmi,नरमी,नरमी
narsanhar,नरसंहार,नरसंहार
narsanharon,नरसंहारों,नरसंहारों
november,नवंबर,नवंबर
navketan,नवकेतन,नवकेतन
navjaagaran,नवजागरण,नववधू
navjagran,नवजागरण,नववधू
navdha,नवधा,नवजागरण
navvadhoo,नववधू,नवजागरण
navvadhu,नववधू,नवधा
nava,नवा,नवा
navaa,नवा,नवा
navate,नवाते,नवाते
navanagar,नवानगर,नवानगर
nawanagar,नवानगर,नवानगर
navya,नव्या,नव्या
naseem,नसीम,नसीम
nasim,नसीम,नाइट्रस
nights,नाइट्रस,नाइट्रस
nitrous,नाइट्रस,नसीम
nineteez,नाइनटीज,नाइनटीज
nineties,नाइनटीज,नाइनटीज
ninties,नाइनटीज,नाइनटीज
nau,नाऊ,नाऊ
nauu,नाऊ,नाऊ
naakaam,नाकाम,नागारिक
nakam,नाकाम,नागारिक
naagrik,नागारिक,नाकाम
nagarik,नागारिक,नागारिक
nagrik,नागारिक,नाकाम
nagin,नागिन,नागिन
nadep,नाडेप,नाडेप
nanak,नानक,नानक
nanavati,नानावती,नानावती
napane,नापने,नापने
napne,नापने,नामधारी
napa,नापा,नापा
naam,नाम,नाम
naamdhari,नामधारी,नामधारी
namdhari,नामधारी,नापने
namankano,नामांकनों,नामांकनों
namankanon,नामांकनों,नामांकनों
namavaliyon,नामावलियों,नामावलियों
naamo,नामो,नामो
namo,नामो,नामो
nayak,नायक,नायक
naraji,नाराजी,नारायणगढ़
naraingarh,नारायणगढ़,नारायणगढ़
narayangadh,नारायणगढ़,नाराजी
narayangarh,नारायणगढ़,नारायणगढ़
naasar,नासर,नासर
nahargadh,नाहरगढ,नाहरगढ
nahargarh,नाहरगढ,नाहरगढ
nikalegi,निकलेगी,निकलेगी
nikalogi,निकलेगी,निकलेगी
nikaalani,निकालनी,निकालनी
nikaalni,निकालनी,निकी
nikalani,निकालनी,निकालनी
nikalni,निकालनी,निकालनी
nicki,निकी,निकालनी
nicky,निकी,निकी
niki,निकी,निकी
niketan,निकेतन,निकेतन
nikhar,निखर,निखर
nikhari,निखरी,निखरी
nigar,निगर,निचला
nigger,निगर,निचला
nichala,निचला,निगर
nichalaa,निचला,निचला
nichla,निचला,निगर
nitiyon,नितियों,नितियों
nitya,नित्या,नित्या
nityaa,नित्या,नित्या
nidhaan,निधान,निधान
nidhan,निधान,निधान
nipatara,निपटारा,निपटारा
niptaara,निपटारा,निपटारा
niptaaraa,निपटारा,निपटारा
niptara,निपटारा,निपटारा
niyanta,नियंता,नियंता
niyantaa,नियंता,नियंता
niya,निया,निया
niyaa,निया,निया
nirdeshika,निर्देशिका,निर्देशिका
nirdeshikaa,निर्देशिका,निर्देशिका
nirdhaarit,निर्धारित,निवेशकर्ता
nirdharit,निर्धारित,निर्बाध
nirbaadh,निर्बाध,निर्बाध
nirbadh,निर्बाध,निर्धारित
niveshakartaa,निवेशकर्ता,निर्धारित
niveshkarta,निवेशकर्ता,निवेशकर्ता
niveshkartaa,निवेशकर्ता,निवेशकर्ता
nischal,निश्चल,निश्चल
nishchal,निश्चल,निश्चल
nishnaat,निष्णात,निष्णात
nishpaap,निष्पाप,निहालचंद
nihalaani,निहलानी,निहलानी
nihlaani,निहलानी,निष्पाप
nihlani,निहलानी,निहलानी
nihaalchand,निहालचंद,निहलानी
nihalchand,निहालचंद,निहालचंद
neechaaee,नीचाई,नीचाई
nichaai,नीचाई,नीचाई
neat,नीट,नीट
neet,नीट,नीट
neetiyon,नीतियों,नीलाभ
nitiyon,नीतियों,नीतियों
neelagaay,नीलगाय,नीतियों
nilgai,नीलगाय,नीलगाय
neelaabh,नीलाभ,नीलगाय
nilaabh,नीलाभ,नीलाभ
nilabh,नीलाभ,नीलाभ
nuskhe,नुस्खे,नुस्खे
noon,नून,नून
nun,नून,नून
noobiyaa,नूबिया,नृत्यों
nubiya,नूबिया,नूबिया
nrityashaili,नृत्यशैली,नृत्यशैली
nrutyashaili,नृत्यशैली,नृत्यशैली
nrityon,नृत्यों,नूबिया
nrutyon,नृत्यों,नृत्यों
neco,नेको,नेको
neko,नेको,नेको
nectar,नेक्टर,नेक्टर
neg,नेग,नेग
nega,नेग,नेटो
networking,नेटवर्किग,नेग
neto,नेटो,नेटवर्किग
neta,नेता,नेमो
nemo,नेमो,नेता
nelsan,नेल्सन,नेल्सन
nelson,नेल्सन,नेल्सन
nations,नेशंस,नेशंस
nehara,नेहरा,नेहरा
nehra,नेहरा,नेहरा
naino,नैनो,नैवेद्य
nano,नैनो,नैनो
naivedh,नैवेद्य,नैनो
naivegh,नैवेद्य,नैवेद्य
nevedya,नैवेद्य,नैवेद्य
nominate,नॉमिनेट,नॉमिनेट
naukari,नोकरी,नोकरी
naukri,नोकरी,नोकरी
nokari,नोकरी,नोकरी
nokri,नोकरी,नोकरी
notes,नोट्स,नोरी
nora,नोरा,नोरा
nori,नोरी,नोट्स
nauner,नौनेर,नौनेर
nauvahan,नौवहन,नौवहन
naushad,नौशाद,नौशाद
panchaang,पंचांग,पंचांग
panchang,पंचांग,पंचांग
punchang,पंचांग,पंचांग
punjab,पंजाब,पंजाब
punjabiyon,पंजाबियों,पकाएं
pantar,पंटर,पंटर
panter,पंटर,पंटर
punter,पंटर,पंजाबियों
pakaayein,पकाएं,पंटर
pakaayen,पकाएं,पकाएं
pakaen,पकाएं,पकाएं
pakayen,पकाएं,पकाएं
pakaude,पकौड़े,पकौड़े
pakshapat,पक्षपात,पक्षपात
pakshpaat,पक्षपात,पगला
pakshpat,पक्षपात,पगबाधा
pagabadha,पगबाधा,पगबाधा
pagbadha,पगबाधा,पक्षपात
pagalaa,पगला,पक्षपात
pagla,पगला,पगला
pachaataa,पचाता,पचाता
pachata,पचाता,पचाता
patakkar,पटककर,पटककर
patkathaayein,पटकथाएं,पटकथाएं
patkathaein,पटकथाएं,पटकथाएं
patkathayen,पटकथाएं,पटरानी
patki,पटकी,पटरानी
pataraani,पटरानी,पटकथाएं
patrani,पटरानी,पटकी
patavaari,पटवारी,पटवारी
patwari,पटवारी,पटवारी
pataakshep,पटाक्षेप,पटाक्षेप
patachep,पटाक्षेप,पटाक्षेप
patakshep,पटाक्षेप,पटाक्षेप
patiya,पटिया,पडरौना
patiyaa,पटिया,पड़ेगा
padaraunaa,पडरौना,पटिया
padrauna,पडरौना,पडरौना
padega,पड़ेगा,पटिया
padegaa,पड़ेगा,पड़ेगा
padha,पढ़ा,पढ़ा
padhaa,पढ़ा,पढ़ा
padhaataa,पढ़ाता,पढ़ाता
padhata,पढ़ाता,पढ़ाता
patili,पतीली,पदमावती
padamawati,पदमावती,पदमावती
padmavati,पदमावती,पदमावती
padmawati,पदमावती,पतीली
padadhikari,पदाधिकारी,पदाधिकारी
panapnaa,पनपना,पनपना
panpana,पनपना,पनपना
panaamaa,पनामा,पनामा
panama,पनामा,पनामा
paneer,पनीर,पनीर
pammi,पम्मी,परदेसियों
pammu,पम्मी,पम्मी
pummi,पम्मी,पम्मी
pummy,पम्मी,पम्मी
pardesiyon,परदेसियों,पम्मी
pardesi,परदेसी,परदेसी
parva,परवा,परवा
parvaa,परवा,परवा
parwa,परवा,परवा
parwaa,परवा,परवा
paraadheen,पराधीन,पराधीन
paraadhin,पराधीन,पराधीन
paradheen,पराधीन,पराधीन
paradhin,पराधीन,परिकल्पित
parikalpit,परिकल्पित,पराधीन
parimal,परिमल,परिमल
parishad,परिषद,परिषद
parishadiy,परिषदीय,परिषदीय
parishadiya,परिषदीय,परिषदीय
parishadon,परिषदों,परिषदों
parikhaen,परीक्षाएं,परीक्षाएं
parikshaayein,परीक्षाएं,परोसने
parikshaen,परीक्षाएं,परोसने
parosane,परोसने,परीक्षाएं
parosne,परोसने,परीक्षाएं
parda,पर्दा,पर्दा
pardaa,पर्दा,पर्दा
purple,पर्पल,पर्पल
palatne,पलटने,पलटने
paltane,पलटने,पलटने
palaari,पलारी,पल्मोनरी
palari,पलारी,पलारी
pale,पले,पलारी
palmonari,पल्मोनरी,पल्मोनरी
pulmonary,पल्मोनरी,पले
plus,पल्स,पल्स
pulse,पल्स,पल्स
pashtun,पश्तून,पश्तून
pashtuun,पश्तून,पश्तून
pahan,पहन,पहन
pehan,पहन,पहनता
pahantaa,पहनता,पहन
pahnata,पहनता,पहनता
pehnate,पहनता,पहनते
pahanate,पहनते,पहनता
pahante,पहनते,पहनते
pehnate,पहनते,पहनते
pahnaakar,पहनाकर,पहनाकर
pahnakar,पहनाकर,पहनाकर
pehnakar,पहनाकर,पहनाकर
pahnaati,पहनाती,पहनी
pahnati,पहनाती,पहनाती
pehnati,पहनाती,पहनाती
pahani,पहनी,पहनी
pahni,पहनी,पहनाती
pehni,पहनी,पहनी
pahno,पहनो,पहनो
pehno,पहनो,पहनो
pahla,पहला,पहला
pahlaa,पहला,पहला
pehla,पहला,पाइड
paheliyaan,पहेलियां,पहेलियां
paheliyan,पहेलियां,पहेलियां
paheliyon,पहेलियों,पहला
pide,पाइड,पहेलियों
pied,पाइड,पाइड
pythagoras,पाइथागोरस,पाइथागोरस
pythogaras,पाइथागोरस,पाइथागोरस
paakhandi,पाखंडी,पाखंडी
pakhandi,पाखंडी,पाखंडी
paathshaalaayein,पाठशालाएं,पाठ्यक्रम
pathshalayein,पाठशालाएं,पाठशालाएं
pathshalayen,पाठशालाएं,पाठशालाएं
paathyakram,पाठ्यक्रम,पाठशालाएं
pathyakram,पाठ्यक्रम,पाठ्यक्रम
pathykram,पाठ्यक्रम,पाठ्यक्रम
paathyakramon,पाठ्यक्रमों,पाठ्यक्रमों
pathyakramon,पाठ्यक्रमों,पाठ्यक्रमों
pathykramon,पाठ्यक्रमों,पाठ्यक्रमों
population,पापुलेशन,पापुलेशन
pailot,पायलट,पायलटों
pilot,पायलट,पायलट
pailoton,पायलटों,पायलट
piloton,पायलटों,पायलटों
paarampariktaa,पारंपरिकता,पारंपरिकता
paramparikata,पारंपरिकता,पारंपरिकता
paramparikta,पारंपरिकता,पारंपरिकता
parnel,पार्नेल,पार्नेल
parnell,पार्नेल,पार्नेल
parleron,पार्लरों,पार्लरों
parloron,पार्लरों,पार्षद
parlouron,पार्लरों,पार्षद
paarshad,पार्षद,पार्लरों
parshad,पार्षद,पार्षदों
paarshadon,पार्षदों,पार्लरों
parshadon,पार्षदों,पार्षदों
parshdon,पार्षदों,पार्षदों
policy,पालिसी,पालिसी
pinta,पिंटा,पिंटा
pintaa,पिंटा,पिंटा
piega,पिएगा,पिक
piyegaa,पिएगा,पिएगा
pic,पिक,पिएगा
pick,पिक,पिक
pik,पिक,पिक
piki,पिकी,पिकी
piky,पिकी,पिकी
picture,पिक्चर,पिक्चर
pigmentation,पिगमेंटेशन,पिगमेंटेशन
pigs,पिग्स,पिग्स
pichde,पिछड़े,पिछड़े
pichhade,पिछड़े,पिज्जा
pijja,पिज्जा,पिज्जा
pizza,पिज्जा,पिछड़े
pitaamaha,पितामह,पितामह
pitamah,पितामह,पितामह
pipra,पिपरा,पिपरा
pipraa,पिपरा,पिपरा
pipli,पिपली,पिपली
pearson,पियरसन,पियरसन
pierson,पियरसन,पिसाई
peary,पियरी,पियरी
piyari,पियरी,पिसाई
pisaai,पिसाई,पियरसन
pisai,पिसाई,पियरी
pihaani,पिहानी,पिहानी
pihani,पिहानी,पिहानी
pib,पीआईबी,पीआईबी
pr,पीआर,पीआर
pml,पीएमएल,पीएमएल
pmo,पीएमओ,पीएसवी
pmch,पीएमसीएच,पीएमसीएच
psv,पीएसवी,पीएमओ
peaking,पीकिंग,पीकिंग
picking,पीकिंग,पीकिंग
peetne,पीटने,पीटने
pitne,पीटने,पीटने
pedia,पीडिया,पीडिया
pidiya,पीडिया,पीडिया
pidiyaa,पीडिया,पीडिया
peelepan,पीलेपन,पुतला
pilepan,पीलेपन,पीलेपन
pv,पीवी,पीलेपन
pisa,पीसा,पीवी
putla,पुतला,पीसा
putlaa,पुतला,पुतला
putaliyaan,पुतलियां,पुतलियां
putliyan,पुतलियां,पुतलियां
putaliyon,पुतलियों,पुतलियों
putliyon,पुतलियों,पुतलियों
putali,पुतली,पुतले
putli,पुतली,पुतली
putale,पुतले,पुतली
putle,पुतले,पुतिन
putin,पुतिन,पुतले
putul,पुतुल,पुतुल
punargathan,पुनर्गठन,पुनर्गठन
puna,पुना,पुना
puraane,पुराने,पुराने
purane,पुराने,पुराने
puru,पुरू,पुलम
purjon,पुर्जों,पुर्जों
purzon,पुर्जों,पुर्जों
pulam,पुलम,पुश्किन
pushkin,पुश्किन,पुरू
pushkarana,पुष्करणा,पुष्करणा
pushkarna,पुष्करणा,पुष्करणा
pushkarnaa,पुष्करणा,पुष्करणा
pushp,पुष्प,पुष्प
pushpa,पुष्प,पुष्प
pushpa,पुष्पा,पुष्पा
pushpaa,पुष्पा,पूंजीकरण
pushpit,पुष्पित,पुष्पों
pushpon,पुष्पों,पुष्पा
poonjikaran,पूंजीकरण,पुष्पित
punjikaran,पूंजीकरण,पूंजीकरण
poojaapaath,पूजापाठ,पूजापाठ
poojapath,पूजापाठ,पूजापाठ
pujapath,पूजापाठ,पूजापाठ
pooranpur,पूरनपुर,पूरनपुर
puranpur,पूरनपुर,पूरनपुर
purvaabhaas,पूर्वाभास,पूर्वाभास
purvaabhas,पूर्वाभास,पूर्वाभास
purvabhaas,पूर्वाभास,पूर्वाभास
purvabhas,पूर्वाभास,पूर्वाभास
pendulam,पेंडुलम,पेंडुलम
pendulum,पेंडुलम,पेंडुलम
peg,पेग,पेग
pages,पेजेज,पेजेज
pajej,पेजेज,पेजेज
pace,पेस,पेस
pes,पेस,पेस्ट्री
pastry,पेस्ट्री,पैंगोलिन
pangolin,पैंगोलिन,पेस
pengolin,पैंगोलिन,पैंगोलिन
packard,पैकर्ड,पैकर्ड
package,पैकेज,पैकेज
packageon,पैकेजों,पैकेजों
packagon,पैकेजों,पैकेजों
packajon,पैकेजों,पैकेजों
paim,पैम,पैरानॉर्मल
pam,पैम,पैराट्रूपर
paratrooper,पैराट्रूपर,पैम
peratrupers,पैराट्रूपर,पैराट्रूपर
paranormal,पैरानॉर्मल,पैम
peranormal,पैरानॉर्मल,पैरानॉर्मल
paraffin,पैराफिन,पैराफिन
parafin,पैराफिन,पैराफिन
perafin,पैराफिन,पैराफिन
parabola,पैराबोला,पैराबोला
perabola,पैराबोला,पोकर
polimer,पॉलिमर,पॉलिशिंग
polymer,पॉलिमर,पॉलिमर
polishing,पॉलिशिंग,पैराबोला
pokar,पोकर,पॉलिमर
poker,पोकर,पोकर
polish,पोलिश,पोलिश
poshit,पोषित,पोषित
posta,पोस्ता,पोस्ता
pau,पौ,पौ
pyade,प्यादे,प्रतिज्ञा
prakriya,प्रक्रिया,प्रतिज्ञा
prakshepak,प्रक्षेपक,प्रक्रिया
pratigya,प्रतिज्ञा,प्यादे
prtigyaa,प्रतिज्ञा,प्रक्षेपक
pratibhutiyan,प्रतिभूतियां,प्रतिभूतियां
pratiyon,प्रतियों,प्रतियों
prativaad,प्रतिवाद,प्रतिवाद
prativad,प्रतिवाद,प्रतिवाद
prativadi,प्रतिवादी,प्रतिवादी
pratishat,प्रतिशत,प्रतिशत
praneet,प्रनीत,प्रपात
pranit,प्रनीत,प्रनीत
prapaat,प्रपात,प्रनीत
prapat,प्रपात,प्रपात
prapaaton,प्रपातों,प्रपातों
prapaton,प्रपातों,प्रपातों
prabodhini,प्रबोधिनी,प्रबोधिनी
prayaasrat,प्रयासरत,प्रयासरत
prayasarat,प्रयासरत,प्रयासरत
pradarshan,प्रर्दशन,प्रवत्ति
prardashan,प्रर्दशन,प्रर्दशन
pravati,प्रवत्ति,प्रशासनिक
pravatti,प्रवत्ति,प्रवत्ति
prashaasanik,प्रशासनिक,प्रर्दशन
prashasanik,प्रशासनिक,प्रशासनिक
prashasnik,प्रशासनिक,प्रशासनिक
prashaasanon,प्रशासनों,प्रशासनों
prashansanon,प्रशासनों,प्रशासनों
prashasanon,प्रशासनों,प्रशासनों
prashikshu,प्रशिक्षु,प्रहलाद
prastaavon,प्रस्तावों,प्रस्तावों
prastavon,प्रस्तावों,प्रशिक्षु
prahlaad,प्रहलाद,प्रहलाद
prahlad,प्रहलाद,प्रस्तावों
prahasan,प्रहसन,प्रहसन
prahsan,प्रहसन,प्रहसन
prahaarak,प्रहारक,प्रहारक
praharak,प्रहारक,प्रहारक
prahad,प्रह्लाद,प्रह्लाद
prahlad,प्रह्लाद,प्राइवेसी
privacy,प्राइवेसी,प्राक्कथन
praakkathan,प्राक्कथन,प्राक्कथन
prakkathan,प्राक्कथन,प्रह्लाद
praan,प्राण,प्राण
pran,प्राण,प्राण
pranon,प्राणों,प्राणों
prathamik,प्राथमिक,प्राथमिक
prathmik,प्राथमिक,प्राथमिक
praathmikata,प्राथमिकता,प्राथमिकता
prathmikta,प्राथमिकता,प्राप्त
prathmiki,प्राथमिकी,प्राथमिकी
pradhyapakon,प्राध्यापकों,प्राथमिकता
prapt,प्राप्त,प्राप्त
prapta,प्राप्त,प्राध्यापकों
prapti,प्राप्ती,प्राप्ती
praroop,प्रारूप,प्रारूप
prarup,प्रारूप,प्रारूप
priyamani,प्रियामणि,प्रियामणि
proof,प्रूफ,प्रूफ
pruf,प्रूफ,प्रेमलता
prekshakon,प्रेक्षकों,प्रूफ
prem,प्रेम,प्रेम
premlata,प्रेमलता,प्रेक्षकों
prema,प्रेमा,प्रेमा
premi,प्रेमी,प्रेमी
profit,प्रॉफिट,प्रॉफिट
processing,प्रॉसेसिंग,प्रॉसेसिंग
programers,प्रोग्रामर्स,प्रोग्रामर्स
programmers,प्रोग्रामर्स,प्रोग्रामर्स
programs,प्रोग्रामर्स,प्रोग्रामर्स
proto,प्रोटो,प्रोपेलेंट
propellant,प्रोपेलेंट,प्रोटो
propellent,प्रोपेलेंट,प्रोपेलेंट
praudh,प्रौढ,प्रौढ
proud,प्रौढ,प्रौढ
plan,प्लेन,प्लेन
plane,प्लेन,प्लेन
fund,फंड,फंड
funda,फंडा,फंडा
funding,फंडिंग,फंडिंग
fandon,फंदों,फटने
fagua,फगुआ,फटने
fatane,फटने,फगुआ
phatane,फटने,फंदों
phatne,फटने,फटने
fadfadata,फड़फड़ाता,फड़फड़ाता
phadphadata,फड़फड़ाता,फड़फड़ाता
fatehgadh,फतेहगढ़,फतेहगढ़
fatehgarh,फतेहगढ़,फतेहगढ़
fabti,फब्ती,फब्ती
phabti,फब्ती,फरसे
farse,फरसे,फरसे
pharase,फरसे,फरसे
pharse,फरसे,फब्ती
farheen,फरहीन,फरहीन
farhin,फरहीन,फरहीन
farth,फर्थ,फर्थ
ferth,फर्थ,फर्थ
pharth,फर्थ,फर्थ
farmion,फर्मिऑन,फर्मिऑन
fermion,फर्मिऑन,फर्मिऑन
firmian,फर्मिऑन,फर्रुखाबाद
farookhabad,फर्रुखाबाद,फर्रुखाबाद
farrukhabad,फर्रुखाबाद,फर्मिऑन
farukhabad,फर्रुखाबाद,फर्रुखाबाद
farookhnagar,फर्रूखनगर,फर्रूखनगर
farrukhnagar,फर्रूखनगर,फर्रूखनगर
farukhnagar,फर्रूखनगर,फर्रूखनगर
falata,फलता,फलता
falta,फलता,फलने
phalata,फलता,फलता
falne,फलने,फलने
phalne,फलने,फलता
falitarth,फलितार्थ,फलितार्थ
phalitartha,फलितार्थ,फलितार्थ
falibhoot,फलीभूत,फलीभूत
falibhut,फलीभूत,फलीभूत
phalibhoot,फलीभूत,फलीभूत
favvara,फव्वारा,फव्वारा
fawaara,फव्वारा,फव्वारे
favvare,फव्वारे,फव्वारा
fawaare,फव्वारे,फव्वारे
favvaron,फव्वारों,फव्वारों
fawaaron,फव्वारों,फव्वारों
faisala,फ़ैसला,फ़ैसला
faisla,फ़ैसला,फ़ैसला
follow,फ़ॉलो,फ़ॉलो
faansi,फांसी,फांसी
fansi,फांसी,फांसी
fatama,फातमा,फाफ
fatma,फातमा,फारसी
faaf,फाफ,फातमा
phaaph,फाफ,फाफ
farsi,फारसी,फातमा
forcee,फारसी,फारसी
farm,फार्म,फार्म
form,फार्म,फार्म
farmic,फार्मिक,फार्मिक
formic,फार्मिक,फार्मिक
formulae,फार्मूले,फार्मेसी
formule,फार्मूले,फार्मूले
formuley,फार्मूले,फार्मूले
pharmacy,फार्मेसी,फार्मों
pharma,फार्मों,फार्मूले
pharmon,फार्मों,फार्मों
farms,फार्म्स,फार्म्स
finger,फिंगर,फिंगर
fikra,फिक्र,फिक्र
physician,फिजिशियन,फिजिशियन
firti,फिरती,फीडर
fisla,फिसला,फिसला
fislaa,फिसला,फुलाए
feeder,फीडर,फिरती
fulaaye,फुलाए,फिसला
fulae,फुलाए,फुलाए
fulay,फुलाए,फुलाए
furti,फूर्ति,फूर्ति
phurti,फूर्ति,फूर्ति
fus,फूस,फूस
phoos,फूस,फेफड़ा
phus,फूस,फेका
feka,फेका,फेफड़ा
fefada,फेफड़ा,फूस
fefda,फेफड़ा,फूस
facial,फेशियल,फेशियल
fact,फैक्ट,फैक्ट
federal,फैडरल,फैडरल
failkar,फैलकर,फैलकर
failaaiye,फैलाइए,फैलाइए
failaea,फैलाइए,फैलाइए
failaiya,फैलाइए,फैलेगी
failaiye,फैलाइए,फॉन्ट
failegi,फैलेगी,फैलाइए
font,फॉन्ट,फैलाइए
fogat,फोगाट,फोगाट
phogat,फोगाट,फोगाट
fod,फोड़,फोड़
phod,फोड़,फोड़
foda,फोड़ा,फोड़ा
fodaa,फोड़ा,फोड़ों
phoda,फोड़ा,फोड़ा
fode,फोड़े,फोड़े
phode,फोड़े,फोड़ा
fodo,फोड़ों,फोड़े
fodon,फोड़ों,फोड़ों
phodo,फोड़ों,फोड़ों
fortis,फोर्टिस,फोर्टिस
fusion,फ्यूजन,फ्यूजन
fuji,फ्यूजी,फ्यूजी
fyuji,फ्यूजी,फ्रांसिस्का
francisca,फ्रांसिस्का,फ्यूजी
franciska,फ्रांसिस्का,फ्रांसिस्का
fransiska,फ्रांसिस्का,फ्रांसिस्को
francisco,फ्रांसिस्को,फ्रांसिस्का
francisko,फ्रांसिस्को,फ्रांसिस्को
fransisko,फ्रांसिस्को,फ्रांसिस्को
fringe,फ्रिंज,फ्रिंज
friendship,फ्रेंडशिप,फ्रेंडशिप
frost,फ्रॉस्ट,फ्रॉस्ट
flin,फ्लिन,फ्लिन
flynn,फ्लिन,बंग
flesh,फ्लेश,बंग
bang,बंग,फ्लेश
bung,बंग,फ्लिन
bangbandhu,बंगबंधु,बंगबंधु
bangbhang,बंगभंग,बंगभंग
bangash,बंगश,बंगश
bangsh,बंगश,बंगश
bantane,बंटने,बंटने
bantne,बंटने,बंटने
bandhati,बंधती,बंधती
bandhti,बंधती,बंधान
bandhan,बंधान,बंधती
bandhuon,बंधुओं,बंधुओं
bamba,बंबा,बंबा
mumba,बंबा,बंबा
bakaayon,बकायों,बकायों
bakayon,बकायों,बकायों
bakaul,बकौल,बकौल
bakoul,बकौल,बकौल
baksa,बक्सा,बक्सी
baksi,बक्सी,बक्से
bakse,बक्से,बख्शने
bakhshane,बख्शने,बक्सा
bakhshne,बख्शने,बख्शने
bagad,बगड़,बगड़
bagd,बगड़,बगड़
bageechi,बगीची,बगीची
bagichi,बगीची,बगीची
bachat,बचत,बजरंगी
bachati,बचती,बजना
bachti,बचती,बचती
bajana,बजना,बचती
bajrangi,बजरंगी,बचत
bajaj,बजाज,बजाज
batalvi,बटालवी,बटालवी
badhachadhakar,बढ़ाचढ़ाकर,बढ़ाचढ़ाकर
badata,बढ़ाता,बढ़ाता
badhaataa,बढ़ाता,बढ़ाता
badhata,बढ़ाता,बढ़ाती
badhaati,बढ़ाती,बढ़ाती
badhati,बढ़ाती,बढ़ायी
badhayi,बढ़ायी,बढ़ाव
badhav,बढ़ाव,बढ़ाता
badhotari,बढ़ोतरी,बढ़ोतरी
badhotri,बढ़ोतरी,बढ़ोतरी
batlaae,बतलाए,बतलाए
batlaaye,बतलाए,बतलाए
batlae,बतलाए,बतलाए
batlaye,बतलाए,बदली
batlaakar,बतलाकर,बतलाए
batlakar,बतलाकर,बतलाकर
badlapur,बदलापुर,बतलाकर
badali,बदली,बदलापुर
badli,बदली,बदली
badam,बदाम,बदाम
banva,बनवा,बनवा
banvaa,बनवा,बनवा
banaam,बनाम,बनाम
banam,बनाम,बनिया
bnaam,बनाम,बनाम
baniya,बनिया,बनू
banu,बनू,बरपाया
barpaayaa,बरपाया,बनाम
barpaya,बरपाया,बरपाया
barsa,बरसा,बरसा
barsaata,बरसाता,बरसाता
barsaataa,बरसाता,बरसाता
barsata,बरसाता,बरसाता
barhad,बरहद,बरात
baraat,बरात,बरहद
barat,बरात,बरात
braat,बरात,बरामद
baraamad,बरामद,बरात
baramad,बरामद,बरामद
bramad,बरामद,बरामद
baramade,बरामदे,बरामदे
baramde,बरामदे,बरामदे
bare,बरे,बरे
birth,बर्थ,बलजीत
baljeet,बलजीत,बर्थ
baljit,बलजीत,बल्लभ
ballabh,बल्लभ,बलजीत
balla,बल्ला,बल्ला
balli,बल्ली,बल्ली
basava,बसावा,बसावा
bastiyon,बस्तियों,बस्तियों
bahroopiya,बहरूपिया,बहरूपिया
bahrupiya,बहरूपिया,बहरूपिया
bahamaas,बहामास,बहामास
bahamas,बहामास,बहामास
bahaav,बहाव,बहाव
bahav,बहाव,बहाव
bhav,बहाव,बहाव
bahavalpur,बहावलपुर,बहावलपुर
bahawalpur,बहावलपुर,बहावलपुर
bahuchara,बहुचरा,बहुचरा
banthia,बांठिया,बांठिया
banthiya,बांठिया,बांठिया
bandhate,बांधते,बांबी
bandhte,बांधते,बांधते
banbi,बांबी,बांबी
bombi,बांबी,बांधते
bounceron,बाउंसरों,बाउंसरों
bowling,बाउलिंग,बाउलिंग
baku,बाकू,बाकू
bakuu,बाकू,बाकू
baag,बाग,बाग
bag,बाग,बाग
bagh,बाग,बागबानी
bagabani,बागबानी,बाग
bagbani,बागबानी,बागली
bagali,बागली,बागली
bagli,बागली,बागबानी
baagiyon,बागियों,बागियों
bagiyon,बागियों,बागियों
baago,बागो,बागो
bago,बागो,बागो
baji,बाज़ी,बाज़ी
bazi,बाज़ी,बाजुओं
bajaru,बाजारू,बाध
bazaru,बाजारू,बाजारू
bajuon,बाजुओं,बाजारू
badh,बाध,बाज़ी
badha,बाधा,बाधा
baadhaaon,बाधाओं,बाधाओं
baadhaon,बाधाओं,बाधाओं
badhaaon,बाधाओं,बाधाओं
badhaon,बाधाओं,बाधाओं
baadhit,बाधित,बाधित
badhit,बाधित,बानी
baani,बानी,बाधित
bani,बानी,बानी
baapa,बापा,बापा
baapaa,बापा,बापा
bapa,बापा,बापा
bapaa,बापा,बापा
baabat,बाबत,बाबत
babat,बाबत,बाबत
babt,बाबत,बाबत
bayern,बायर्न,बारह
byrun,बायर्न,बारहमासी
barah,बारह,बायर्न
baarahamaasee,बारहमासी,बायर्न
barahamasi,बारहमासी,बारहमासी
barahmasi,बारहमासी,बारहमासी
barahsinga,बारहसिंगा,बारहसिंगा
barasingha,बारहसिंगा,बारहसिंगा
bala,बाला,बाला
baalti,बाल्टी,बाल्टी
balti,बाल्टी,बाल्डविन
balty,बाल्टी,बाल्डविन
baldvin,बाल्डविन,बाल्टी
baldwin,बाल्डविन,बाल्टी
bavaji,बावजी,बावजी
bavji,बावजी,बावजी
baawaraa,बावरा,बावरा
bavra,बावरा,बावरा
bawara,बावरा,बावरा
baahulya,बाहुल्य,बाहुल्य
bahuly,बाहुल्य,बाॅक्स
bahulya,बाहुल्य,बिखेरती
box,बाॅक्स,बाहुल्य
bikherati,बिखेरती,बाहुल्य
bikherti,बिखेरती,बिखेरती
biggest,बिगेस्ट,बिगेस्ट
bichhua,बिछुआ,बिछुआ
bichhuaa,बिछुआ,बिछुआ
biji,बिजी,बिजी
busy,बिजी,बिपिन
buzy,बिजी,बिलाई
bipin,बिपिन,बिजी
bilae,बिलाई,बिजी
bilai,बिलाई,बिलाई
billa,बिल्ला,बिल्ला
billaa,बिल्ला,बिल्ला
bilhaur,बिल्हौर,बिल्हौर
bisva,बिस्वा,बिस्वा
biswa,बिस्वा,बिस्वा
bag,बीएजी,बीके
bikaner,बीकानेर,बीएजी
bikaneri,बीकानेरी,बीकानेरी
bk,बीके,बीकानेर
beejak,बीजक,बीजक
bijak,बीजक,बीजक
beef,बीफ,बीफ
beem,बीम,बीम
bim,बीम,बीम
beemon,बीमों,बीमों
bimon,बीमों,बीरगंज
beerganj,बीरगंज,बीसवां
birganj,बीरगंज,बीसवां
beesavaan,बीसवां,बीरगंज
bisavan,बीसवां,बीमों
bisawan,बीसवां,बीसवां
beast,बीस्ट,बीस्ट
budvig,बुडविग,बुडविग
budwig,बुडविग,बुडविग
bull,बुल,बुल
bulaao,बुलाओ,बुलाओ
bulao,बुलाओ,बृजेश
bule,बुले,बुलेटिन
bulletin,बुलेटिन,बुलाओ
brijesh,बृजेश,बुले
benvar,बेंवर,बेंवर
benwar,बेंवर,बेंवर
beaulad,बेऔलाद,बेऔलाद
bekaaboo,बेकाबू,बेकाबू
bekabu,बेकाबू,बेकाबू
bechakar,बेचकर,बेचकर
bechkar,बेचकर,बेचते
bechate,बेचते,बेचते
bechte,बेचते,बेचकर
bediyan,बेड़ियां,बेड़ियां
bethanal,बेथनल,बेथनल
bethnal,बेथनल,बेथनल
benis,बेनिस,बेनिस
belacha,बेलचा,बेलचा
belcha,बेलचा,बेलचा
belinda,बेलिंडा,बेवकूफाना
bevkufana,बेवकूफाना,बेलिंडा
bewakoofaanaa,बेवकूफाना,बेसहारा
bewkufana,बेवकूफाना,बेवकूफाना
besahaaraa,बेसहारा,बेवकूफाना
besahara,बेसहारा,बेसहारा
basin,बेसिन,बेसिन
besin,बेसिन,बेसिन
basil,बेसिल,बेसिल
besil,बेसिल,बेसिल
bandage,बैंडेज,बैंडेज
bandej,बैंडेज,बैठते
baithantey,बैठते,बैठते
baithate,बैठते,बैतूल
baitool,बैतूल,बैंडेज
baitul,बैतूल,बैतूल
betul,बैतूल,बैतूल
baini,बैनी,बैनी
beni,बैनी,बैनी
bairakpur,बैरकपुर,बैरकपुर
barrackpore,बैरकपुर,बैला
baila,बैला,बैला
bella,बैला,बैल्स
ballistic,बैलिस्टिक,बैरकपुर
bells,बैल्स,बैलिस्टिक
bostan,बॉस्टन,बॉस्टन
bosten,बॉस्टन,बॉस्टन
boston,बॉस्टन,बॉस्टन
bokaro,बोकारो,बोकारो
bodara,बोदरा,बोदरा
bodra,बोदरा,बोदरा
bodraa,बोदरा,बोदरा
bona,बोना,बोरकर
borkar,बोरकर,बोरीवली
borivali,बोरीवली,बोना
boriwali,बोरीवली,बोरीवली
born,बोर्न,बोर्न
bolane,बोलने,बोलने
boliae,बोलिए,बोलिए
boliy,बोलिए,बोलिए
boliye,बोलिए,बौनी
bosaan,बोसान,बोलिए
bosan,बोसान,बोसान
bauni,बौनी,बौनी
bouni,बौनी,बोसान
byaawa,ब्यावर,ब्यावर
byavar,ब्यावर,ब्यावर
brajesh,ब्रजेश,ब्रजेश
brijesh,ब्रजेश,ब्रजेश
brahmalin,ब्रह्मलीन,ब्रह्मलीन
brahmleen,ब्रह्मलीन,ब्रह्मलीन
brahmlin,ब्रह्मलीन,ब्रिगटन
bravo,ब्रावो,ब्रह्मलीन
brigatn,ब्रिगटन,ब्रावो
brighton,ब्रिगटन,ब्रिगटन
brigton,ब्रिगटन,ब्रिगटन
brigadier,ब्रिगेडियर,ब्रिगेडियर
britain,ब्रिटेन,ब्रिटेन
breed,ब्रीद,ब्रीद
brock,ब्रोक,ब्रोक
brok,ब्रोक,ब्लॉसम
broke,ब्रोक,ब्रोक
brocken,ब्रोकन,ब्रोकन
broken,ब्रोकन,ब्रोक
blosam,ब्लॉसम,ब्रोकन
blossom,ब्लॉसम,ब्लॉसम
bhagaane,भगाने,भगाने
bhagane,भगाने,भगाने
bhadakaaya,भड़काया,भड़काया
bhadakaya,भड़काया,भड़काया
bhadkaayaa,भड़काया,भभूत
bhadkaya,भड़काया,भड़काया
bharakaaya,भड़काया,भड़काया
bharakaya,भड़काया,भड़काया
bhabhoot,भभूत,भड़काया
bhabhut,भभूत,भभूत
bhay,भय,भय
bhaya,भय,भय
bhayo,भयो,भयो
bharatanatyam,भरतनाट्यम्,भरतनाट्यम्
bharatnatyam,भरतनाट्यम्,भरते
bhartnatyam,भरतनाट्यम्,भरतनाट्यम्
bharate,भरते,भरनी
bharte,भरते,भरते
bharani,भरनी,भरतनाट्यम्
bharni,भरनी,भरनी
bharane,भरने,भरने
bharne,भरने,भरने
bhara,भरा,भरा
bhavishya,भविष्य,भविष्य
bhaate,भाते,भाते
bhate,भाते,भानू
bhanu,भानू,भाते
bhabar,भाबर,भारीय
bhareeye,भारीय,भाबर
bhariy,भारीय,भारीय
bhavanaon,भावनाओं,भावनाओं
bhavnaon,भावनाओं,भावनाओं
bhaskar,भास्कर,भास्कर
bheed,भीड़,भीड़
bheera,भीरा,भीरा
bhira,भीरा,भीष्म
bheesham,भीष्म,भीरा
bhisham,भीष्म,भीष्म
bhishm,भीष्म,भीष्म
bhugat,भुगत,भुगत
bhugata,भुगता,भुगता
bhugta,भुगता,भुगता
bhutto,भुट्टो,भुट्टो
bhumi,भुमि,भुमि
bhurbhura,भुरभुरा,भूखी
bhookh,भूख,भुरभुरा
bhukh,भूख,भूखी
bhookhi,भूखी,भूख
bhukhi,भूखी,भूख
bhoogol,भूगोल,भूगोल
bhugol,भूगोल,भूगोल
bhootal,भूतल,भूतल
bhutal,भूतल,भूतल
bhoopsingh,भूपसिंह,भूपसिंह
bhupsingh,भूपसिंह,भूलता
bhumi,भूमी,भूमी
bhumika,भूमी,भूमी
bhulata,भूलता,भूपसिंह
bhulataa,भूलता,भूलता
bhulta,भूलता,भूलता
bhula,भूला,भूला
bhulaa,भूला,भूला
bhooli,भूली,भूली
bhuli,भूली,भूली
bhulo,भूलो,भूस्वामी
bhulon,भूलों,भूसी
bhusi,भूसी,भूस्वामी
bhooswaami,भूस्वामी,भूलों
bhusvami,भूस्वामी,भूलो
bhuswami,भूस्वामी,भूस्वामी
bhengapan,भेंगापन,भेंगापन
bhairavnath,भैरवनाथ,भैरवनाथ
bhairo,भैरो,भैरो
bhogatey,भोगते,भोगते
bhogte,भोगते,भोलू
bhola,भोला,भौंहों
bholi,भोली,भोली
bholu,भोलू,भोला
bhaunho,भौंहों,भोगते
bhaunhon,भौंहों,भौंहों
bhoonhon,भौंहों,भौंहों
bhraant,भ्रांत,भ्रांत
bhrant,भ्रांत,भ्रांत
brant,भ्रांत,भ्रांत
bhraanti,भ्रांति,भ्रांति
bhranti,भ्रांति,भ्रांतियां
branti,भ्रांति,भ्रांति
bhraantiyan,भ्रांतियां,भ्रांति
bhrantiyan,भ्रांतियां,भ्रांतियां
bhraantiyon,भ्रांतियों,भ्रांतियों
bhrantiyon,भ्रांतियों,भ्रांतियों
mangesh,मंगेश,मंगेश
manch,मंच,मंच
manchit,मंचित,मंचित
mancheeye,मंचीय,मंचीय
manchiy,मंचीय,मंचीय
manchiya,मंचीय,मंचों
manchon,मंचों,मंचीय
manjil,मंजिल,मंजिल
manzil,मंजिल,मंजिल
manjila,मंजिला,मंजिला
manzila,मंजिला,मंजिला
manjilein,मंजिलें,मंजिलें
manjilen,मंजिलें,मंजिलें
manzilein,मंजिलें,मंटो
manto,मंटो,मकरानी
mantriyon,मंत्रियों,मंजिलें
makrani,मकरानी,मक्सद
maksad,मक्सद,मंत्रियों
makhdumpur,मखदुमपुर,मखदुमपुर
machaaye,मचाए,मचाए
machae,मचाए,मचाए
machaye,मचाए,मचाए
machaanon,मचानों,मचानों
machanno,मचानों,मढ़ौरा
machano,मचानों,मचानों
machanon,मचानों,मढ़ौरा
madaura,मढ़ौरा,मचानों
madhuara,मढ़ौरा,मचानों
madhura,मढ़ौरा,मढ़ौरा
manipal,मणिपाल,मणिपाल
matpatron,मतपत्रों,मतपत्रों
matthe,मत्थे,मत्थे
matsyavatar,मत्स्यावतार,मत्स्यावतार
matsyavtar,मत्स्यावतार,मधुपुर
masyendranath,मत्स्येंद्रनाथ,मत्स्येंद्रनाथ
matsyendranath,मत्स्येंद्रनाथ,मत्स्यावतार
madhupur,मधुपुर,मनमर्जी
manmarji,मनमर्जी,मत्स्येंद्रनाथ
manae,मनाए,मनाए
manaye,मनाए,मनाए
mnaey,मनाए,मनाए
mam,मम,मम
mum,मम,मम
maryokar,मयोर्का,मयोर्का
mayorka,मयोर्का,मरदानी
mayorkaa,मयोर्का,मयोर्का
mardaani,मरदानी,मरदानी
mardani,मरदानी,मयोर्का
marmar,मरमर,मरमर
murmur,मरमर,मरमर
maratha,मराठा,मराठा
marathi,मराठी,मराठी
marji,मर्जी,मर्जी
mardanagi,मर्दानगी,मर्दों
mardangi,मर्दानगी,मर्दों
mardo,मर्दों,मर्दानगी
mardon,मर्दों,मर्दानगी
maryaadaa,मर्यादा,मर्यादा
maryada,मर्यादा,मर्यादा
maryaadaaon,मर्यादाओं,मर्यादाओं
maryadaon,मर्यादाओं,मर्यादाओं
malaga,मलागा,मलागा
malaar,मलार,मलार
malar,मलार,मसालेदार
mashrak,मशरक,मसालेदार
masaaledaar,मसालेदार,मशरक
masaledaar,मसालेदार,मसालेदार
masaledar,मसालेदार,मलार
masoor,मसूर,मसूर
masur,मसूर,मसूर
masse,मस्से,मस्से
mahakane,महकने,महकने
mahakne,महकने,महकने
mahkane,महकने,महलों
mehkane,महकने,महलों
mahalon,महलों,महाग्रंथ
mahlon,महलों,महकने
mahagranth,महाग्रंथ,महकने
mhagranth,महाग्रंथ,महाग्रंथ
mahajan,महाजन,महाजन
mhajan,महाजन,महाजन
mahathir,महाथिर,महाथिर
mhathir,महाथिर,महाथिर
mahanatam,महानतम,महानिदेशक
mahantam,महानतम,महानतम
mhantam,महानतम,महानतम
mahanideshak,महानिदेशक,महानतम
mahanirdeshak,महानिदेशक,महानिदेशक
mhanideshak,महानिदेशक,महानिदेशक
mahapauron,महापौरों,महापौरों
mhapauron,महापौरों,महापौरों
mahapran,महाप्राण,महाप्राण
mhapran,महाप्राण,महाप्राण
mahamantr,महामंत्र,महाराजा
mahamantra,महामंत्र,महामंत्र
mhamantra,महामंत्र,महाविज्ञान
maharaja,महाराजा,महामंत्र
mahavigyan,महाविज्ञान,महामंत्र
mhavidyan,महाविज्ञान,महाविज्ञान
mahavidya,महाविद्या,महाविद्या
mhavidya,महाविद्या,महाविद्या
mahavishnu,महाविष्णु,महाविष्णु
mahasingh,महासिंह,महासिंह
mahasinh,महासिंह,मांग
mahipal,महिपाल,महीन
mahin,महीन,महिपाल
mahinon,महीनों,महीनों
maang,मांग,महासिंह
mang,मांग,मांग
mangani,मांगनी,मांगनी
mangni,मांगनी,मांगनी
maanga,मांगा,मांगा
manga,मांगा,मांगा
maangi,मांगी,मांगे
mangi,मांगी,मांगी
maange,मांगे,मांगो
mange,मांगे,मांगी
mango,मांगो,मांगे
maori,माओरी,माओरी
maajin,माजिन,माजिन
majin,माजिन,माजिन
mathe,माथे,माथे
mathey,माथे,माथे
maap,माप,माप
map,माप,मामूली
mop,माप,माप
mamooli,मामूली,माप
mamuli,मामूली,मामूली
mame,मामे,मामे
maarvaad,मारवाड़,मारवाड़
marvad,मारवाड़,मारवाड़
marwar,मारवाड़,मारवाड़
maariya,मारिया,मारिया
mariya,मारिया,मारिया
maariyo,मारियो,मारियो
mario,मारियो,मार्था
mariyo,मारियो,मारियो
martha,मार्था,मारियो
maalish,मालिश,मालिश
malish,मालिश,मालिश
mave,मावे,मावे
mavey,मावे,मावे
maas,मास,मास
mas,मास,मास
mass,मास,मासों
maason,मासों,मासों
mason,मासों,मास
mitaao,मिटाओ,मिटाओ
mitao,मिटाओ,मिटाओ
mithaai,मिठाई,मिठाई
mithai,मिठाई,मिठाई
media,मिडिया,मिडिया
mithila,मिथिला,मिथिला
mithilanchal,मिथिलांचल,मिथिलांचल
mithya,मिथ्या,मिमिक्री
mimicry,मिमिक्री,मिल्कियत
milkiyat,मिल्कियत,मिशा
misha,मिशा,मिथ्या
mungeri,मुंगेरी,मुंगेरी
mundva,मुंडवा,मुंडवा
mundwa,मुंडवा,मुंडवा
munshiganj,मुंशीगंज,मुंशीगंज
mukarte,मुकरते,मुकरते
mukartey,मुकरते,मुखोपाध्याय
mukhopadhyaya,मुखोपाध्याय,मुखोपाध्याय
mukhyopadhyaay,मुखोपाध्याय,मुनाफ
mukhyamantri,मुख्यमंत्री,मुख्यमंत्री
munaf,मुनाफ,मुकरते
munafa,मुनाफा,मुनाफा
munnu,मुन्नू,मुन्नू
mufalisi,मुफलिसी,मुफलिसी
muflisi,मुफलिसी,मुफलिसी
mubarakpur,मुबारकपुर,मुबारकपुर
mubarkpur,मुबारकपुर,मुल्ताई
murjha,मुर्झा,मुबारकपुर
multae,मुल्ताई,मुर्झा
multai,मुल्ताई,मुल्ताई
mushahid,मुशाहिद,मुशाहिद
muhavare,मुहावरे,मुहावरे
muhavre,मुहावरे,मुहावरे
mooth,मूठ,मूठ
muth,मूठ,मूठ
mood,मूड,मूड
mud,मूड,मूल
moodi,मूडी,मूड
moody,मूडी,मूडी
mool,मूल,मूल
mul,मूल,मूडी
moolchand,मूलचंद,मूलचंद
mulchand,मूलचंद,मूलचंद
moolar,मूलर,मूलर
mular,मूलर,मूलर
muller,मूलर,मूलर
moolon,मूलों,मेगा
mulon,मूलों,मेक्सिको
maxico,मेक्सिको,मूलों
mexico,मेक्सिको,मेक्सिको
mega,मेगा,मूलों
megapixal,मेगापिक्सल,मेगापिक्सल
megapixel,मेगापिक्सल,मेगापिक्सल
mejbaan,मेजबान,मेजबान
mejban,मेजबान,मेजबान
mezbaan,मेजबान,मेजबान
mejabani,मेजबानी,मेजबानी
mejbaani,मेजबानी,मेज़बान
mejbani,मेजबानी,मेजबानी
mezabani,मेजबानी,मेजबानी
mejbaan,मेज़बान,मेजबानी
mejban,मेज़बान,मेज़बान
mezbaan,मेज़बान,मेज़बान
mejbaani,मेज़बानी,मेज़बानी
mejbani,मेज़बानी,मेज़बानी
mezbaani,मेज़बानी,मेज़बानी
mate,मेट,मेट्स
met,मेट,मेडीकल
mates,मेट्स,मेथेनॉल
medical,मेडीकल,मेट
methanol,मेथेनॉल,मेट
menu,मेनू,मेनू
mem,मेम,मेम
melaghaat,मेलघाट,मेलघाट
melghat,मेलघाट,मेलघाट
melaanin,मेलानिन,मेलानिन
melanin,मेलानिन,मेलानिन
melaani,मेलानी,मेहमान
melani,मेलानी,मेलानी
maheman,मेहमान,मेहमान
mehamaan,मेहमान,मेलानी
mehaman,मेहमान,मेहमान
mehmaan,मेहमान,मेहमान
mehman,मेहमान,मेहमान
meharaam,मेहराम,मेहराम
mehram,मेहराम,मेहराम
macbook,मैकबुक,मैट्रिक्स
matix,मैट्रिक्स,मैड
matrix,मैट्रिक्स,मैड
mad,मैड,मैकबुक
made,मैड,मैट्रिक्स
maid,मैड,मैड
maddy,मैडी,मैडी
maidi,मैडी,मैडी
main,मैन,मैन
man,मैन,मैन
men,मैन,मैना
mainan,मैनन,मैनर
menon,मैनन,मैनन
manner,मैनर,मैनन
maina,मैना,मैन
maine,मैने,मैने
marrej,मैरेज,मैरेज
marriage,मैरेज,मैरेज
merraige,मैरेज,मैरेज
maisachusets,मैसाचुसेट्स,मैसाचुसेट्स
massachusetts,मैसाचुसेट्स,मैसाचुसेट्स
maisor,मैसोर,मॉड
maisore,मैसोर,मैसोर
mysore,मैसोर,मैसोर
mod,मॉड,मैसोर
mode,मॉड,मॉड
modern,मॉडर्न,मॉडर्न
module,मॉड्यूल,मॉड्यूल
modules,मॉड्यूल्स,मॉड्यूल्स
modyuls,मॉड्यूल्स,मॉड्यूल्स
mauritious,मॉरिशस,मोगली
mauritius,मॉरिशस,मॉरिशस
mogali,मोगली,मोटिव
mowgli,मोगली,मोगली
motive,मोटिव,मॉरिशस
mol,मोल,मोल
mold,मोल्ड,मोल्ड
moshe,मोशे,मोशे
mosad,मोसाद,मोसाद
mohana,मोहाना,मोहाना
mohani,मोहानी,मोहानी
mohini,मोहिनी,मौकों
mohim,मोहिम,मोहिनी
maukon,मौकों,मोहिम
mauma,मौमा,मौमा
maurya,मौर्या,मौर्या
morya,मौर्या,मौर्या
maurya,मौर्यों,मौर्यों
mauryon,मौर्यों,मौर्यों
moryon,मौर्यों,मौर्यों
maulaviyon,मौलवियों,मौलवियों
maulvidon,मौलवियों,मौले
maulviyon,मौलवियों,मौलवियों
maule,मौले,मौले
mauley,मौले,मौलवियों
mausa,मौसा,मौसा
yatn,यत्न,यत्न
yatna,यत्न,यत्न
yada,यदा,यदा
yda,यदा,यदा
yaduvansh,यदुवंश,यरूशलेम
yaduwansh,यदुवंश,यदुवंश
jerusalem,यरूशलेम,यदुवंश
yarooshaleim,यरूशलेम,यरूशलेम
yarushalem,यरूशलेम,यरूशलेम
yashpaal,यशपाल,यशपाल
yashpal,यशपाल,यशपाल
yaatna,यातना,यातना
yatna,यातना,यातना
yaatanaon,यातनाओं,यातनाओं
yatnaon,यातनाओं,यातनाओं
yarayan,यात्राएं,यात्राएं
yatraein,यात्राएं,यारियां
yatraen,यात्राएं,यात्राएं
yaariyan,यारियां,यात्राएं
yariyan,यारियां,यारियां
yaari,यारी,यारी
yari,यारी,यारी
yugam,युग्म,युग्म
yugm,युग्म,युग्म
yuddhrat,युद्धरत,यूक्रेनियन
yudhrat,युद्धरत,येरुशलम
ukrainian,यूक्रेनियन,यूक्रेनियन
ukranian,यूक्रेनियन,युद्धरत
jerusalem,येरुशलम,युद्धरत
yorker,यॉर्कर,यॉर्कर
yojanaein,योजनाएं,योजनाएं
yojanaen,योजनाएं,योजनाएं
yojanaye,योजनाएं,योजनाएं
rangate,रंगते,रंगते
rangte,रंगते,रंजकता
rangkata,रंजकता,रंजकता
ranjkatha,रंजकता,रईस
ranjkta,रंजकता,रंजकता
raees,रईस,रंगते
rais,रईस,रईस
raktaabh,रक्ताभ,रक्ताभ
raktabh,रक्ताभ,रक्ताभ
rakhna,रखना,रखना
raghupati,रघुपति,रघुपति
raghuram,रघुराम,रनर्स
registerd,रजिस्टर्ड,रजिस्टर्ड
registered,रजिस्टर्ड,रतनपुर
ratanpur,रतनपुर,रजिस्टर्ड
runners,रनर्स,रघुराम
rayan,रयान,रयान
ryan,रयान,रयान
ralhan,रल्हन,रल्हन
ravish,रविश,रविश
ravael,रवैल,रवैल
ravel,रवैल,रवैल
rawail,रवैल,रवैल
rasad,रसद,रसायनिक
rasaayanik,रसायनिक,रसद
rasaayanika,रसायनिक,रसायनिक
rasayanika,रसायनिक,रसायनिक
rasyanik,रसायनिक,रसायनिक
rasaayanon,रसायनों,रसायनों
rasayanon,रसायनों,रसायनों
rahamat,रहमत,रहमत
rahmat,रहमत,रहमत
rhamat,रहमत,रहमत
rahenge,रहेंगे,रहेंगे
rahegi,रहेगी,रहेगी
rounder,राउंडर,राउंडर
raak,राक,राक
rak,राक,राक
raakhe,राखे,राखे
rakhe,राखे,राखे
raagon,रागों,रागों
ragon,रागों,राज
raghavan,राघवन,रागों
raaj,राज,राजकोट
raj,राज,राज
rajkot,राजकोट,राघवन
rajtantra,राजतंत्र,राजतंत्र
raajneetikaran,राजनीतीकरण,राजनीतीकरण
rajneetikaran,राजनीतीकरण,राजनीतीकरण
rajnitikaran,राजनीतीकरण,राजनीतीकरण
rajma,राजमां,राजमां
rajman,राजमां,राजस्व
raajasva,राजस्व,राजी
rajasva,राजस्व,राजमां
raaji,राजी,राजी
raji,राजी,राजस्व
rajinaama,राजीनामा,राजीनामा
rajinama,राजीनामा,राजीनामा
raajon,राजों,राजों
rajon,राजों,राजों
rana,राणा,राणा
raatrichar,रात्रिचर,रात्रिचर
ratrichar,रात्रिचर,राधे
raadhe,राधे,राधे
radhe,राधे,रात्रिचर
ranapur,रानापुर,रानापुर
rabin,राबिन,राबिन
robin,राबिन,राबिन
rabha,राभा,राभा
ramkot,रामकोट,रामकोट
ramkote,रामकोट,रामकोट
ramtek,रामटेक,रामभरोसे
rampur,रामपुर,रामपुर
rambharose,रामभरोसे,रामटेक
rambharosey,रामभरोसे,रामराज
ramraj,रामराज,रामभरोसे
raalod,रालोद,रालोद
ralaud,रालोद,रालोद
ralod,रालोद,रालोद
ravaley,रावले,रावले
ravle,रावले,रावले
rasayanik,रासायनिक,रासायनिक
racreation,रिक्रिएशन,रिक्रिएशन
recreation,रिक्रिएशन,रिग्स
rig,रिग,रिग
riggs,रिग्स,रिक्रिएशन
rigs,रिग्स,रिग्स
richual,रिचुअल,रिचुअल
ritual,रिचुअल,रिचुअल
reduction,रिडक्शन,रिडक्शन
ripan,रिपन,रिपन
ripon,रिपन,रिया
ria,रिया,रिश्ते
riya,रिया,रिश्ते
rishte,रिश्ते,रिपन
rishtey,रिश्ते,रिया
risane,रिसने,रिसने
risaney,रिसने,रिसने
risne,रिसने,रिसने
rihana,रिहाना,रिहाना
rihanna,रिहाना,रिहाना
regal,रीगल,रीट्वीट
rigal,रीगल,रीगल
reasonal,रीजनल,रीजनल
regional,रीजनल,रीजनल
retreate,रीट्वीट,रीगल
retweet,रीट्वीट,रीट्वीट
reeta,रीता,रीता
rita,रीता,रीता
rukate,रुकते,रुकते
rukte,रुकते,रुकते
ruktey,रुकते,रुग्ण
rugan,रुग्ण,रुकते
rugna,रुग्ण,रुग्ण
ruganta,रुग्णता,रुग्णता
rugnata,रुग्णता,रुग्णता
rojvelt,रुजवेल्ट,रुजवेल्ट
roojwelt,रुजवेल्ट,रुजवेल्ट
roosevelt,रुजवेल्ट,रुजवेल्ट
rodolph,रुडोल्फ,रुडोल्फ
rudolf,रुडोल्फ,रुडोल्फ
rudolph,रुडोल्फ,रुपेश
roopesh,रुपेश,रुबी
rupesh,रुपेश,रुमानी
ruby,रुबी,रुपेश
roomani,रुमानी,रुडोल्फ
rumani,रुमानी,रुमानी
rukavaton,रूकावटों,रूकावटों
root,रूट,रूट
route,रूट,रूट
rooting,रूटिंग,रूटिंग
routine,रूटिंग,रूट्स
routing,रूटिंग,रूट्स
roots,रूट्स,रूपक
routes,रूट्स,रूटिंग
roopak,रूपक,रूटिंग
rupak,रूपक,रूपक
roopi,रूपी,रूपी
rupi,रूपी,रूपी
rantle,रेंटल,रेंटल
rental,रेंटल,रेंटल
registan,रेगिस्तान,रेजा
registani,रेगिस्तानी,रेट
reja,रेजा,रेजा
reza,रेजा,रेगिस्तानी
rate,रेट,रेगिस्तान
rate,रेत,रेत
ret,रेत,रेत
refaeli,रेफेली,रेफेली
refeli,रेफेली,रेफेली
reshe,रेशे,रेशे
reshey,रेशे,रेस
race,रेस,रेसर
rese,रेस,रेसर
racer,रेसर,रेशे
recer,रेसर,रेस
racing,रेसिंग,रेसिंग
reson,रेसों,रेसों
rehaana,रेहाना,रेहाना
rehana,रेहाना,रेहाना
racketeer,रैकेटियर,रैकेटियर
racketier,रैकेटियर,रैकेटियर
rectare,रैकेटियर,रैकेटियर
radical,रैडिकल,रैडिकल
raidical,रैडिकल,रैथ
raith,रैथ,रैडिकल
rapping,रैपिंग,रैपिंग
wrapping,रैपिंग,रैपिंग
robertsan,रॉबर्टसन,रॉबर्टसन
robertson,रॉबर्टसन,रॉबर्टसन
robinson,रॉबिंसन,रॉबिंसन
royals,रॉयल्स,रोजलिन
rojlin,रोजलिन,रोजलिन
rozlyn,रोजलिन,रॉयल्स
rotation,रोटेशन,रोड्रिगो
rodrigo,रोड्रिगो,रोटेशन
ronaldo,रोनाल्डो,रोनाल्डो
ronit,रोनित,रोनित
roni,रोनी,रोनी
ropane,रोपने,रोपने
ropaney,रोपने,रोपने
ropne,रोपने,रोया
robin,रोबिन,रोवन
roya,रोया,रोपने
rollers,रोलर्स,रोबिन
rovan,रोवन,रोलर्स
rowan,रोवन,रोवन
rosario,रोसारियो,रोसारियो
rosariyo,रोसारियो,रोसारियो
raubadaar,रौबदार,रौबदार
raubadar,रौबदार,रौबदार
raubdar,रौबदार,रौबदार
landara,लंगड़ा,लंगड़ा
langada,लंगड़ा,लंगर
langda,लंगड़ा,लंगड़ा
langar,लंगर,लंगड़ा
langaron,लंगरों,लंगरों
langron,लंगरों,लंगरों
lambi,लंबी,लंबी
lakeer,लकीर,लकीर
lakir,लकीर,लकीर
lakiron,लकीरों,लकीरों
lakme,लक्मे,लक्ष्मीधर
lakshmidhar,लक्ष्मीधर,लक्मे
lakshmighar,लक्ष्मीधर,लक्ष्मीधर
lakshy,लक्ष्य,लक्ष्य
lakshya,लक्ष्य,लक्ष्य
lakshyon,लक्ष्यों,लक्ष्यों
lux,लक्स,लक्स
laksar,लक्सर,लक्सर
luxor,लक्सर,लक्सर
lakhkhi,लख्खी,लगना
lagna,लगना,लगनेवाले
laganewale,लगनेवाले,लगनेवाले
lagnevaaley,लगनेवाले,लख्खी
lagnewale,लगनेवाले,लगनेवाले
lagega,लगेगा,लगेगा
lajjalu,लज्जालु,लज्जालु
latkate,लटकाते,लटकाते
ladki,लड़की,लड़की
ladate,लड़ते,लड़ते
ladte,लड़ते,लड़ते
ladaai,लड़ाई,लड़ाईयों
ladai,लड़ाई,लड़ाई
ladaaiyon,लड़ाईयों,लड़ाई
ladaeyon,लड़ाईयों,लड़ाईयों
ladaiyon,लड़ाईयों,लड़ाईयों
lapetane,लपेटने,लपेटने
lapetne,लपेटने,लपेटने
labada,लबादा,लबादा
lbada,लबादा,लबादा
labdh,लब्ध,ललकारता
lbdh,लब्ध,ललकारता
lalak,ललक,लब्ध
lalkarata,ललकारता,ललक
lalkarta,ललकारता,लब्ध
lalla,लल्ला,लल्ला
lavasa,लवासा,लवासा
lovasa,लवासा,लवासा
lassi,लस्सी,लस्सी
lahanaa,लहना,लहना
lahna,लहना,लहराई
lehna,लहना,लहना
lahraee,लहराई,लहना
lahrai,लहराई,लहराई
lehrayi,लहराई,लहराई
lahalhati,लहलहाती,लहलहाती
lahlahaati,लहलहाती,लहलहाती
lahlahati,लहलहाती,लहलहाती
lahsun,लहसुन,लहसुन
lasoon,लहसुन,लहसुन
lanchar,लांचर,लाइव्स
launcher,लांचर,लाइम
lycopene,लाइकोपिन,लांचर
lime,लाइम,लांचर
lives,लाइव्स,लाइकोपिन
live,लाईव,लाईव
laegi,लाएगी,लाएगी
lagataar,लागातार,लागातार
lagatar,लागातार,लागातार
laata,लाता,लाता
lata,लाता,लाती
laati,लाती,लायेगा
lati,लाती,लाता
layega,लायेगा,लालपुर
lalpur,लालपुर,लाती
las,लास्ट,लास्ट
last,लास्ट,लास्ट
lindbhed,लिंगभेद,लिंगभेद
lingbhed,लिंगभेद,लिंगभेद
lindan,लिंडन,लिंडन
lindn,लिंडन,लिखकर
lindon,लिंडन,लिंडन
likhakar,लिखकर,लिखकर
likhkar,लिखकर,लिगर
ligar,लिगर,लिंडन
liger,लिगर,लिगर
liberation,लिबरेशन,लिबरेशन
libration,लिबरेशन,लिबरेशन
liberation,लिब्रेशन,लिब्रेशन
libration,लिब्रेशन,लिब्रेशन
leaderon,लीडरों,लुईस
leedaron,लीडरों,लीडरों
lidaron,लीडरों,लीडरों
liidaron,लीडरों,लीडरों
louis,लुईस,लीडरों
luis,लुईस,लुईस
ludhakate,लुढ़कते,लुढ़कते
ludhkate,लुढ़कते,लुढ़कते
lurhakate,लुढ़कते,लुढ़कते
lutf,लुत्फ,लुत्फ
lumding,लुमडिंग,लूटमार
lootmaar,लूटमार,लूटमार
lootmar,लूटमार,लुमडिंग
landal,लेंडल,लेंडल
lendal,लेंडल,लेंडल
lega,लेगा,लेगा
legaa,लेगा,लेगा
letakar,लेटकर,लेटकर
letkar,लेटकर,लेटकर
lenevali,लेनेवाली,लेनेवाली
lenewali,लेनेवाली,लेबलिंग
label,लेबल,लेबलों
labeling,लेबलिंग,लेनेवाली
labelling,लेबलिंग,लेबलिंग
labelo,लेबलों,लेबल
labelon,लेबलों,लेबलों
lebalon,लेबलों,लेबलों
lemon,लेमन,लेमन
laingadan,लैंगडन,लैंगडन
langdon,लैंगडन,लैंगडन
lengdan,लैंगडन,लैंगडन
laigikata,लैंगिकता,लैंसेट
laingikta,लैंगिकता,लैंगिकता
lanset,लैंसेट,लैंगिकता
lenset,लैंसेट,लैंसेट
lairi,लैरी,लैरी
lairy,लैरी,लैरी
larry,लैरी,लैरी
lace,लैस,लैस
less,लैस,लैस
locket,लॉकेट,लोंगोवाल
laundry,लॉन्ड्री,लॉन्ड्री
longewal,लोंगोवाल,लॉकेट
longewala,लोंगोवाल,लोंगोवाल
longoval,लोंगोवाल,लोंगोवाल
log,लोग,लोग
loge,लोगे,लोगे
lochdar,लोचदार,लोचदार
lodi,लोदी,लोदी
laurence,लौरेंस,लौरेंस
laurens,लौरेंस,वंशधर
laurense,लौरेंस,लौरेंस
wonder,वंडर,लौरेंस
vansh,वंश,वंश
vanshdhar,वंशधर,वंडर
vanshavad,वंशवाद,वंशवाद
vanshvaad,वंशवाद,वंशवाद
vanshvad,वंशवाद,वंशवाद
wanshwad,वंशवाद,वंशवाद
vajood,वजूद,वजूद
vajud,वजूद,वडाली
wajood,वजूद,वजूद
vadali,वडाली,वडाली
vadli,वडाली,वजूद
wadali,वडाली,वडाली
vanita,वनिता,वनिता
vareinye,वरेण्य,वरेण्य
varenya,वरेण्य,वरेण्य
varn,वर्ण,वर्ण
varna,वर्ण,वर्ण
varnit,वर्णित,वर्तमान
vartamaan,वर्तमान,वर्तमान
vartaman,वर्तमान,वर्णित
vartmaan,वर्तमान,वर्तमान
vartman,वर्तमान,वर्तमान
varddhaman,वर्द्धमान,वर्द्धमान
vardhmaan,वर्द्धमान,वर्द्धमान
vardhman,वर्द्धमान,वर्द्धमान
verbal,वर्बल,वर्बल
varshan,वर्शन,वर्शन
vasharan,वर्शन,वर्शन
vershan,वर्शन,वर्साचे
version,वर्शन,वर्साचे
varsaache,वर्साचे,वर्शन
varsaryache,वर्साचे,वर्शन
vasearche,वर्साचे,वर्साचे
valkan,वल्कन,वल्कन
valkkan,वल्कन,वल्कन
velkan,वल्कन,वल्कन
vash,वश,वश
vashikaran,वशीकरण,वांट
vaangchuk,वांगचुक,वांगचुक
vangchuk,वांगचुक,वशीकरण
wangchuk,वांगचुक,वांगचुक
want,वांट,वांगचुक
vije,वाइज,वाइज
vise,वाइज,वाइज
wise,वाइज,वाइज
vatar,वाटर,वाटर
water,वाटर,वाटर
watson,वाटसन,वाटसन
wattson,वाटसन,वाणों
vaan,वाण,वाण
waan,वाण,वाण
vaanon,वाणों,वाटसन
vanon,वाणों,वाणों
wanon,वाणों,वाणों
vatanukulan,वातानुकूलन,वातानुकूलन
watanukoollan,वातानुकूलन,वातानुकूलन
vaadak,वादक,वादक
vadak,वादक,वादियों
vaadiyon,वादियों,वादक
vadiyon,वादियों,वादियों
wadiyon,वादियों,वायना
vayana,वायना,वादियों
vayna,वायना,वायना
wayna,वायना,वायना
wireless,वायरलेस,वायरलेस
wirerless,वायरलेस,वायरलेस
warrior,वारियर्स,वारियर्स
warriors,वारियर्स,वाल्व
valve,वाल्व,वास्तविक
wolv,वाल्व,वारियर्स
vastavik,वास्तविक,वाल्व
vastvik,वास्तविक,वास्तविक
vaahikayen,वाहिकाएं,वाहिकाएं
vahikayen,वाहिकाएं,वाहिकाएं
wahikayan,वाहिकाएं,वाहिकाएं
winter,विंटर,विंटर
vincent,विंसेंट,विंसेंट
vikalpon,विकल्पों,विकेट
wicket,विकेट,विचारकों
vikramjeet,विक्रमजीत,विक्रमजीत
vikramjit,विक्रमजीत,विकल्पों
vichaarakon,विचारकों,विक्रमजीत
vicharakon,विचारकों,विचारकों
vigyan,विज्ञान,विज्ञान
vigyaani,विज्ञानी,विज्ञानी
vigyani,विज्ञानी,विज्ञानी
vigyaanon,विज्ञानों,विज्ञानों
vigyanon,विज्ञानों,विट्ठल
vitthal,विट्ठल,विठ्ठल
viththal,विठ्ठल,वितर्क
vitthal,विठ्ठल,विज्ञानों
vitark,वितर्क,विठ्ठल
vidhaaein,विद्याएं,विद्याएं
vidyaayein,विद्याएं,विद्याएं
vidyaen,विद्याएं,विद्याएं
vidhaaon,विद्याओं,विद्याओं
vidyaaon,विद्याओं,विद्याओं
vidyaon,विद्याओं,विधिवत
vidhansabhaein,विधानसभाएं,विद्याओं
vidhansabhaen,विधानसभाएं,विधानसभाएं
vidhivat,विधिवत,विधुत
vidhut,विधुत,विधानसभाएं
vinasht,विनष्ट,विनष्ट
vineet,विनीत,विनीत
vinit,विनीत,विनीत
vipreetataa,विपरीतता,विपरीतता
vipritata,विपरीतता,विपरीतता
vipra,विप्रा,विभा
vipro,विप्रो,विप्रो
wipro,विप्रो,विभाजक
vibha,विभा,विप्रा
vibhajak,विभाजक,विप्रो
vibhram,विभ्रम,विभ्रम
vibhrm,विभ्रम,विभ्रम
vibram,विभ्रम,विभ्रम
vimarsh,विमर्श,विमर्श
vimarsho,विमर्शों,विमर्शों
vimarshon,विमर्शों,विरोधाभासी
virajati,विराजती,विरोध
virechan,विरेचन,विराजती
virodh,विरोध,विरेचन
virodhabhasi,विरोधाभासी,विमर्शों
virodhabhason,विरोधाभासों,विरोधाभासों
vividh,विविध,विविध
vivekahin,विवेकहीन,विवेकहीन
vivekheen,विवेकहीन,विवेकहीन
visheshan,विशेषण,विशेषण
visheshanon,विशेषणों,विशेषणों
visheshaadhikaar,विशेषाधिकार,विशेषाधिकार
visheshadhikar,विशेषाधिकार,विशेषाधिकार
vishwasaniy,विश्वसनीय,विश्वसनीय
vishwasniiya,विश्वसनीय,विश्वसनीय
vishwasaniyata,विश्वसनीयता,विश्वसनीयता
vishwasniiyataa,विश्वसनीयता,विश्वसनीयता
vishahin,विषहीन,विषहीन
vishhin,विषहीन,विषहीन
vishanu,विष्णु,विष्णु
vishnu,विष्णु,वीक्स
vlc,वीएलसी,वीरचंद
weeks,वीक्स,विष्णु
veerchand,वीरचंद,वीएलसी
virchand,वीरचंद,वीरचंद
veeresh,वीरेश,वीरेश
viresh,वीरेश,वीरेश
vritton,वृत्तों,वृत्तों
vruton,वृत्तों,वृत्तों
vrutton,वृत्तों,वृत्तों
venkataraman,वेंकटरमन,वेंकटरमन
venkatraman,वेंकटरमन,वेड
ved,वेड,वेड
wade,वेड,वेंकटरमन
wed,वेड,वेड
wedding,वेडिंग,वेडिंग
vediyon,वेदियों,वेदियों
vedon,वेदों,वेदों
venezuela,वेनेजुएला,वेनेजुएला
veronica,वेरोनिका,वेरोनिका
veronika,वेरोनिका,वेरोनिका
weronika,वेरोनिका,वेल्डर
velvet,वेलवेट,वेलवेट
welwet,वेलवेट,वेलवेट
welder,वेल्डर,वेरोनिका
weldor,वेल्डर,वेल्डर
welding,वेल्डिंग,वेल्डिंग
wealth,वेल्थ,वेल्थ
vellur,वेल्लूर,वेल्लूर
velur,वेल्लूर,वेल्लूर
vesh,वेश,वेश
wasting,वेस्टिंग,वेस्टिंगहाउस
westing,वेस्टिंग,वेस्टिंग
wastinghouse,वेस्टिंगहाउस,वेस्टिंग
westinghouse,वेस्टिंगहाउस,वेस्टिंगहाउस
vaisley,वेस्ले,वेस्ले
vesle,वेस्ले,वेस्ले
wesle,वेस्ले,वेस्ले
vaigyaanik,वैज्ञानिक,वैज्ञानिक
vaigyanik,वैज्ञानिक,वैज्ञानिक
vegyanik,वैज्ञानिक,वैज्ञानिक
vaigyaanikta,वैज्ञानिकता,वैज्ञानिकता
vaigyanikata,वैज्ञानिकता,वैत्रवती
vaigyanikta,वैज्ञानिकता,वैज्ञानिकता
vaitravati,वैत्रवती,वैज्ञानिकता
vaitrawati,वैत्रवती,वैत्रवती
vaimanasy,वैमनस्य,वैमनस्य
vaimanasya,वैमनस्य,वैमनस्य
vaimanya,वैमनस्य,वैमनस्य
very,वैरी,वैरी
vaisaakh,वैशाख,वैशाखी
vaishakh,वैशाख,वैष्णोदेवी
vaishaakhi,वैशाखी,वैशाख
vaishakhi,वैशाखी,वैशाख
vaishnodevi,वैष्णोदेवी,वैशाखी
vyaktigat,व्यक्तिगत,व्यक्तिगत
vyagr,व्यग्र,व्यग्र
vyagra,व्यग्र,व्यग्र
vyatit,व्यतीत,व्यतीत
vytit,व्यतीत,व्यतीत
vyabhichar,व्यभिचार,व्यवधान
vyabhichari,व्यभिचार,व्यभिचार
vyavadhan,व्यवधान,व्यवधान
vyavdhan,व्यवधान,व्यवहारगत
vyavahargat,व्यवहारगत,व्यभिचार
vyvhargat,व्यवहारगत,व्यवहारगत
vyaghat,व्याघात,व्याघात
vyapak,व्यापक,व्यापक
vlad,व्लाद,व्लाद
wlaad,व्लाद,व्लाद
vladimir,व्लादिमीर,शतपथ
shanghai,शंघाई,शनिवार
shatpath,शतपथ,व्लादिमीर
shanivar,शनिवार,शंघाई
shaniwar,शनिवार,शनिवार
shabana,शबाना,शबाना
shbana,शबाना,शबाना
shabdarth,शब्दार्थ,शब्दार्थ
shamadan,शमादान,शमादान
shmadan,शमादान,शमादान
shamitabh,शमिताभ,शमिल
shamil,शमिल,शराबों
shmil,शमिल,शमिताभ
sharabon,शराबों,शराबों
shrabon,शराबों,शमिल
shararat,शरारत,शरारत
shrart,शरारत,शरारत
sharmana,शर्माना,शर्माना
shaharwasiyon,शहरवासियों,शहरवासियों
shahrvasiyon,शहरवासियों,शहरवासियों
shervasiyon,शहरवासियों,शहादरा
shahdara,शहादरा,शहरवासियों
shaantikaal,शांतिकाल,शांतिकाल
shantikal,शांतिकाल,शाओ
shaao,शाओ,शांतिकाल
shao,शाओ,शाओ
shaakir,शाकिर,शाकिर
shakir,शाकिर,शाकिर
shaakhaaen,शाखाएं,शाखाएं
shakhayan,शाखाएं,शाखाएं
shakhayen,शाखाएं,शावकों
shayak,शायक,शायक
shaavakon,शावकों,शावकों
shavakon,शावकों,शाखाएं
shavkon,शावकों,शावकों
shaasaka,शासक,शासक
shasak,शासक,शासक
sasakon,शासकों,शासकों
shaasakon,शासकों,शासकों
shasakon,शासकों,शासकों
shipra,शिप्रा,शिप्रा
shirke,शिर्के,शीर्षकों
sheershakon,शीर्षकों,शीर्षकों
shirshakon,शीर्षकों,शीर्षकों
shirshkon,शीर्षकों,शिर्के
shujaat,शुजात,शुजात
shujat,शुजात,शुजात
shooting,शुटिंग,शुटिंग
shutting,शुटिंग,शुटिंग
should,शुड,शुड
shud,शुड,शुमाली
shubhankar,शुभंकर,शुमाली
shumaali,शुमाली,शृंगार
shumali,शुमाली,शुड
shringaar,शृंगार,शुभंकर
shringar,शृंगार,शृंगार
shrungar,शृंगार,शृंगार
sheling,शेलिंग,शेलिंग
shelling,शेलिंग,शेलिंग
shaili,शैली,शैली
shaly,शैली,शैली
sheli,शैली,शॉन
shaishav,शैशव,शैली
sean,शॉन,शॉन
shaun,शॉन,शैशव
shawn,शॉन,शॉन
short,शोर्ट,शोर्ट
sure,श्योर,श्योर
shrankhala,श्रंखला,श्रंखला
shrankhalaa,श्रंखला,श्रंखला
shrunkhla,श्रंखला,श्रावणी
shrankhalaaon,श्रंखलाओं,श्रंखला
shrinkhalaon,श्रंखलाओं,श्रंखलाओं
shrunkhlaon,श्रंखलाओं,श्रंखलाओं
shravani,श्रावणी,श्रंखलाओं
shrikar,श्रीकर,श्रीकर
shrikhand,श्रीखंड,श्रीखंड
shrimati,श्रीमति,श्रीमति
shriram,श्रीराम,श्रीराम
sriram,श्रीराम,श्रीराम
shrotaon,श्रोताओं,षट्
shat,षट्,श्रोताओं
sankhyaein,संख्याएं,संख्याएं
sankhyaen,संख्याएं,संख्याएं
sankhyayen,संख्याएं,संख्याएं
sanghanit,संघनित,संघनित
sanghnit,संघनित,संघनित
sanchayan,संचयन,संचयन
sanchar,संचार,संचार
sanchaari,संचारी,संचारी
sanchari,संचारी,संचारी
sanchalanon,संचालनों,संचालनों
sanchalnon,संचालनों,संजीवन
sanjay,संजय,संचालनों
sanjeevan,संजीवन,संजय
sanjivan,संजीवन,संजीवन
santati,संतति,संतति
sandarbh,संदर्भ,संदर्भ
sandarbha,संदर्भ,संदर्भ
sandrbh,संदर्भ,संदर्भ
sandarbhon,संदर्भों,संदली
sandrbhon,संदर्भों,संधान
sandali,संदली,संदर्भों
sandli,संदली,संदली
sandhan,संधान,संदर्भों
samprati,संप्रति,संप्रति
samprti,संप्रति,संप्रति
samprabhu,संप्रभु,संप्रभु
samprbhu,संप्रभु,संप्रभु
samprabhuta,संप्रभुता,संप्रभुता
samprbhuta,संप्रभुता,संभालने
sambit,संबित,संबित
sambhalane,संभालने,संभ्रांत
sambhalne,संभालने,संभालने
sambhrant,संभ्रांत,संप्रभुता
sanbharnt,संभ्रांत,संभ्रांत
sanyog,संयुक्त,संयुक्त
sanyukt,संयुक्त,संयुक्त
sanyukta,संयुक्त,संयुक्त
sanyukta,संयुक्ता,संयुक्ता
sanyogvash,संयोगवश,संयोगवश
sanyojan,संयोजन,संयोजन
sanyojanon,संयोजनों,संयोजनों
sanyojnon,संयोजनों,संयोजनों
samvedikaran,संवेदीकरण,संवेदीकरण
sanvedikaran,संवेदीकरण,संवेदीकरण
samshayon,संशयों,संशयों
sanshayon,संशयों,संशयों
sanshyon,संशयों,संशयों
sanskaar,संस्कार,संस्कार
sanskar,संस्कार,संस्कार
sanskaari,संस्कारी,संस्कारी
sanskari,संस्कारी,संस्कारी
sanskrit,संस्कृत,संस्कृत
sanskurt,संस्कृत,संस्कृत
sanskritiyan,संस्कृतियां,संस्कृतियां
sanskrutiyan,संस्कृतियां,संस्कृतियां
sanskritiyon,संस्कृतियों,संस्कृतियों
sanskrutiyon,संस्कृतियों,संस्कृतियों
sanasthit,संस्थित,संस्थित
sansthit,संस्थित,संस्थित
sanasthita,संस्थिता,संस्थिता
sansthita,संस्थिता,संस्थिता
sakara,सकरा,सकरा
sakra,सकरा,सकरा
sakshan,सक्शन,सक्शन
suction,सक्शन,सक्शन
sacchidanand,सच्चिदानंद,सच्चिदानंद
sachhidanand,सच्चिदानंद,सच्चिदानंद
sachidanand,सच्चिदानंद,सच्चिदानंद
sajja,सज्जा,सज्जा
sat,सत,सत
satpal,सतपाल,सतपाल
satluj,सतलुज,सतलुज
sataane,सताने,सताने
satane,सताने,सताने
sate,सते,सते
satti,सत्ती,सत्ती
satvat,सत्वत,सत्वत
sadanand,सदानंद,सदानंद
sapane,सपने,सपने
sapne,सपने,सपने
sapney,सपने,सपने
saparivaar,सपरिवार,सपरिवार
sapariwar,सपरिवार,सपरिवार
sparivar,सपरिवार,सपरिवार
sapaat,सपाट,सपाट
sapat,सपाट,सपाट
sapate,सपाटे,सपाटे
sapatey,सपाटे,सपाटे
saptakranti,सप्तक्रांति,सप्तक्रांति
saptkraanti,सप्तक्रांति,सप्तक्रांति
saptapadi,सप्तपदी,सप्तपदी
saptpadi,सप्तपदी,सप्तपदी
saptari,सप्तरी,सप्तरी
sapramaan,सप्रमाण,सप्रमाण
sapraman,सप्रमाण,सप्रमाण
submit,सबमिट,सबमिट
sabmission,सबमिशन,सबमिशन
submission,सबमिशन,सबमिशन
sabhaein,सभाएं,सभाएं
sabhaen,सभाएं,सभाएं
sabhayen,सभाएं,सभाएं
sabhen,सभाएं,सभाएं
sabhasadon,सभासदों,सभासदों
sabhyata,सभ्यता,सभ्यता
samjhoonga,समझूंगा,समझूंगा
samjhunga,समझूंगा,समझूंगा
samjhungaa,समझूंगा,समझूंगा
saman,समन,समन
samanvayaka,समन्वयक,समन्वयक
samanwayaka,समन्वयक,समन्वयक
samnvyak,समन्वयक,समन्वयक
samaadhaan,समाधान,समाधान
samadhan,समाधान,समाधान
samadhiyon,समाधियों,समाधियों
samadjiyon,समाधियों,समाधियों
samalakha,समालखा,समालखा
samalakhaa,समालखा,समालखा
samahaar,समाहार,समाहार
samahar,समाहार,समाहार
samitiyan,समितियां,समितियां
sametati,समेटती,समेटती
sametti,समेटती,समेटती
sarka,सरका,सरका
sarkaa,सरका,सरका
sarkarein,सरकारें,सरकारें
sarkaren,सरकारें,सरकारें
sarkaaron,सरकारों,सरकारों
sarkaron,सरकारों,सरकारों
sargana,सरगना,सरगना
sarganaon,सरगनाओं,सरगनाओं
sargi,सरगी,सरगी
sarguja,सरगुजा,सरगुजा
sarjuga,सरगुजा,सरगुजा
sarsa,सरसा,सरसा
sarsaa,सरसा,सरसा
sarahind,सरहिंद,सरहिंद
sarhind,सरहिंद,सरहिंद
sirhind,सरहिंद,सरहिंद
saraaha,सराहा,सराहा
saraha,सराहा,सराहा
saraahi,सराही,सराही
sarahi,सराही,सराही
salaahkar,सलाहकार,सलाहकार
salahkaar,सलाहकार,सलाहकार
salahkar,सलाहकार,सलाहकार
saleeb,सलीब,सलीब
salib,सलीब,सलीब
select,सलेक्ट,सलेक्ट
saltanat,सल्तनत,सल्तनत
saltnat,सल्तनत,सल्तनत
savaal,सवाल,सवाल
saval,सवाल,सवाल
sawaal,सवाल,सवाल
sawal,सवाल,सवाल
sahakalaakar,सहकलाकार,सहकलाकार
sahakalakar,सहकलाकार,सहकलाकार
sahkalakar,सहकलाकार,सहकलाकार
sahadev,सहदेव,सहदेव
sahdev,सहदेव,सहदेव
sahrawat,सहरावत,सहरावत
sherawat,सहरावत,सहरावत
sahooliyata,सहूलियत,सहूलियत
sahuliyat,सहूलियत,सहूलियत
sahuuliyata,सहूलियत,सहूलियत
saanketika,सांकेतिक,सांकेतिक
sanketik,सांकेतिक,सांकेतिक
saimans,साइमंस,साइमंस
simmons,साइमंस,साइमंस
symons,साइमंस,साइमंस
saima,साइमा,साइमा
sagarika,सागरिका,सागरिका
sagrika,सागरिका,सागरिका
saga,सागा,सागा
saajan,साजन,साजन
sajan,साजन,साजन
saajsajja,साजसज्जा,साजसज्जा
sajsajja,साजसज्जा,साजसज्जा
saja,साजा,साजा
saathsaath,साथसाथ,साथसाथ
sathsath,साथसाथ,साथसाथ
sathiya,साथिया,साथिया
saabah,साबाह,साबाह
sabah,साबाह,साबाह
samanjasy,सामंजस्य,सामंजस्य
samanjasya,सामंजस्य,सामंजस्य
samoa,सामोआ,सामोआ
samoaa,सामोआ,सामोआ
saayn,सायं,सायं
sayan,सायं,सायं
saym,सायं,सायं
saira,सायरा,सायरा
sayara,सायरा,सायरा
sayra,सायरा,सायरा
salve,साल्वे,साल्वे
sahab,साहब,साहब
singapore,सिंगापुर,सिंगापुर
singaar,सिंगार,सिंगार
singar,सिंगार,सिंगार
singer,सिंगार,सिंगार
singhaadey,सिंघाड़े,सिंघाड़े
singhade,सिंघाड़े,सिंघाड़े
singhde,सिंघाड़े,सिंघाड़े
singhre,सिंघाड़े,सिंघाड़े
singhi,सिंघी,सिंघी
singha,सिंहा,सिंहा
sinha,सिंहा,सिंहा
siera,सिएरा,सिएरा
sierra,सिएरा,सिएरा
sikud,सिकुड़,सिकुड़
signals,सिगनल्स,सिगनल्स
cigaretton,सिगरेटों,सिगरेटों
cigretton,सिगरेटों,सिगरेटों
siddhivat,सिद्धवट,सिद्धवट
siddhvat,सिद्धवट,सिद्धवट
siddhwat,सिद्धवट,सिद्धवट
sinabang,सिनाबंग,सिनाबंग
synapse,सिनेप्स,सिनेप्स
sipah,सिपाह,सिपाह
sipaha,सिपाह,सिपाह
sipahiyon,सिपाहियों,सिपाहियों
sipahi,सिपाही,सिपाही
sim,सिम,सिम
simat,सिमट,सिमट
simatataa,सिमटता,सिमटता
simatta,सिमटता,सिमटता
simtata,सिमटता,सिमटता
simtataa,सिमटता,सिमटता
cement,सिमटे,सिमटे
simate,सिमटे,सिमटे
simi,सिमी,सिमी
simmy,सिमी,सिमी
sims,सिम्स,सिम्स
siyasi,सियासी,सियासी
siyah,सियाह,सियाह
siyaha,सियाह,सियाह
sirpur,सिरपुर,सिरपुर
sivan,सिवान,सिवान
siwan,सिवान,सिवान
sisva,सिसवा,सिसवा
siswa,सिसवा,सिसवा
cil,सीआईएल,सीआईएल
csi,सीएसआई,सीएसआई
sikar,सीकर,सीकर
seaten,सीटें,सीटें
sitaram,सीताराम,सीताराम
sitaharan,सीताहरण,सीताहरण
cpm,सीपीएम,सीपीएम
cps,सीपीएस,सीपीएस
cbse,सीबीएसई,सीबीएसई
seem,सीम,सीम
sim,सीम,सीम
sealed,सील्ड,सील्ड
shield,सील्ड,सील्ड
ccd,सीसीडी,सीसीडी
sugamata,सुगमता,सुगमता
sugmta,सुगमता,सुगमता
sujan,सुजेन,सुजेन
sujen,सुजेन,सुजेन
suken,सुजेन,सुजेन
sujain,सुजैन,सुजैन
sujhaati,सुझाती,सुझाती
sujhati,सुझाती,सुझाती
sutali,सुतली,सुतली
sutli,सुतली,सुतली
suta,सुता,सुता
sdueep,सुदीप,सुदीप
sudip,सुदीप,सुदीप
sudhaargrah,सुधारगृह,सुधारगृह
sudhargrih,सुधारगृह,सुधारगृह
sudhargruh,सुधारगृह,सुधारगृह
sunaaron,सुनारों,सुनारों
sunaron,सुनारों,सुनारों
sunaseer,सुनासीर,सुनासीर
sunasir,सुनासीर,सुनासीर
suneeti,सुनीति,सुनीति
suniti,सुनीति,सुनीति
sunega,सुनेगा,सुनेगा
suneyga,सुनेगा,सुनेगा
superhit,सुपरहिट,सुपरहिट
supachy,सुपाच्य,सुपाच्य
supachya,सुपाच्य,सुपाच्य
supachye,सुपाच्य,सुपाच्य
subhaay,सुभाय,सुभाय
subhay,सुभाय,सुभाय
surveen,सुरवीन,सुरवीन
survin,सुरवीन,सुरवीन
surana,सुराणा,सुराणा
sulkhan,सुलखान,सुलखान
suljaayi,सुलझाई,सुलझाई
suljayi,सुलझाई,सुलझाई
suljhai,सुलझाई,सुलझाई
sulzai,सुलझाई,सुलझाई
sultana,सुलताना,सुलताना
sulaati,सुलाती,सुलाती
sulati,सुलाती,सुलाती
susanskrit,सुसंस्कृत,सुसंस्कृत
susanskrut,सुसंस्कृत,सुसंस्कृत
suhagin,सुहागिन,सुहागिन
soond,सूंड़,सूंड़
sund,सूंड़,सूंड़
suiyan,सूइयां,सूइयां
sukhati,सूखती,सूखती
sukhti,सूखती,सूखती
sukhakar,सूखाकर,सूखाकर
soochak,सूचक,सूचक
suchak,सूचक,सूचक
sooja,सूजा,सूजा
suja,सूजा,सूजा
suba,सूबा,सूबा
sube,सूबे,सूबे
sooraj,सूरज,सूरज
suraj,सूरज,सूरज
surinaam,सूरीनाम,सूरीनाम
surinama,सूरीनाम,सूरीनाम
suriname,सूरीनाम,सूरीनाम
suryadev,सूर्यदेव,सूर्यदेव
sendha,सेंधा,सेंधा
senvai,सेंवई,सेंवई
sevai,सेंवई,सेंवई
sensing,सेंसिंग,सेंसिंग
sexual,सेक्सुअल,सेक्सुअल
saturday,सेटरडे,सेटरडे
seti,सेटी,सेटी
seto,सेटो,सेटो
seth,सेथ,सेथ
safety,सेफ्टी,सेफ्टी
semen,सेमिन,सेमिन
semin,सेमिन,सेमिन
self,सेल्फ,सेल्फ
selfie,सेल्फी,सेल्फी
save,सेव,सेव
sev,सेव,सेव
sevakon,सेवकों,सेवकों
sevkon,सेवकों,सेवकों
samuels,सैम्युल्स,सैम्युल्स
celery,सैलरी,सैलरी
salary,सैलरी,सैलरी
sakar,सॉकर,सॉकर
socar,सॉकर,सॉकर
soccer,सॉकर,सॉकर
songs,सॉन्ग्स,सॉन्ग्स
solicitor,सॉलिसिटर,सॉलिसिटर
sochane,सोचने,सोचने
sochne,सोचने,सोचने
sonu,सोनू,सोनू
soma,सोमा,सोमा
spma,सोमा,सोमा
somi,सोमी,सोमी
soy,सोय,सोय
soya,सोया,सोया
solitaire,सोलिटेयर,सोलिटेयर
soharai,सोहराई,सोहराई
sohrai,सोहराई,सोहराई
sohaval,सोहावल,सोहावल
sohawal,सोहावल,सोहावल
saunpane,सौंपने,सौंपने
sonpne,सौंपने,सौंपने
scala,स्काला,स्काला
skala,स्काला,स्काला
ski,स्की,स्की
scootaron,स्कूटरों,स्कूटरों
scooteron,स्कूटरों,स्कूटरों
skootaron,स्कूटरों,स्कूटरों
scandinavia,स्कैंडिनेविया,स्कैंडिनेविया
scaining,स्कैनिंग,स्कैनिंग
scanning,स्कैनिंग,स्कैनिंग
squash,स्क्वाश,स्क्वाश
squash,स्क्वैश,स्क्वैश
skhalan,स्खलन,स्खलन
stain,स्टैन,स्टैन
stan,स्टैन,स्टैन
stop,स्टॉप,स्टॉप
stops,स्टॉप्स,स्टॉप्स
stone,स्टोन,स्टोन
straws,स्ट्रास,स्ट्रास
stress,स्ट्रास,स्ट्रास
stra,स्ट्रे,स्ट्रे
stray,स्ट्रे,स्ट्रे
stre,स्ट्रे,स्ट्रे
strocks,स्ट्रोक्स,स्ट्रोक्स
strokes,स्ट्रोक्स,स्ट्रोक्स
stan,स्तन,स्तन
stanadhari,स्तनधारी,स्तनधारी
standhaari,स्तनधारी,स्तनधारी
standhari,स्तनधारी,स्तनधारी
sthiti,स्तिथि,स्तिथि
stithi,स्तिथि,स्तिथि
stuti,स्तुति,स्तुति
sthitiyaan,स्थितियां,स्थितियां
sthitiyan,स्थितियां,स्थितियां
sthitiyon,स्थितियों,स्थितियों
sthool,स्थूल,स्थूल
sthul,स्थूल,स्थूल
sthoolta,स्थूलता,स्थूलता
sthulata,स्थूलता,स्थूलता
sneakers,स्नीकर्स,स्नीकर्स
snickers,स्नीकर्स,स्नीकर्स
snikarse,स्नीकर्स,स्नीकर्स
spear,स्पीयर,स्पीयर
spell,स्पेल,स्पेल
spelar,स्पेलर,स्पेलर
speller,स्पेलर,स्पेलर
sprint,स्प्रिट,स्प्रिट
sprit,स्प्रिट,स्प्रिट
spray,स्प्रे,स्प्रे
spry,स्प्रे,स्प्रे
sfoorti,स्फूर्ति,स्फूर्ति
sfurti,स्फूर्ति,स्फूर्ति
sphoorti,स्फूर्ति,स्फूर्ति
slide,स्लाइड,स्लाइड
slider,स्लाइडर,स्लाइडर
slaaidon,स्लाइडों,स्लाइडों
slidon,स्लाइडों,स्लाइडों
sliders,स्लाइड्स,स्लाइड्स
slides,स्लाइड्स,स्लाइड्स
slice,स्लाइस,स्लाइस
slash,स्लैश,स्लैश
swaroopon,स्वरुपों,स्वरुपों
swarupon,स्वरुपों,स्वरुपों
swa,स्वा,स्वा
swaachaalit,स्वाचालित,स्वाचालित
swachalit,स्वाचालित,स्वाचालित
swaarthparak,स्वार्थपरक,स्वार्थपरक
swarthparak,स्वार्थपरक,स्वार्थपरक
swiftlate,स्विफ्टलेट,स्विफ्टलेट
swiftlet,स्विफ्टलेट,स्विफ्टलेट
sweekarte,स्वीकारते,स्वीकारते
swikarte,स्वीकारते,स्वीकारते
sweet,स्वीट,स्वीट
sweep,स्वीप,स्वीप
sweccha,स्वेच्छा,स्वेच्छा
swecha,स्वेच्छा,स्वेच्छा
swechha,स्वेच्छा,स्वेच्छा
sweta,स्वेता,स्वेता
swap,स्वैप,स्वैप
swipe,स्वैप,स्वैप
handiya,हंडिया,हंडिया
handiyaa,हंडिया,हंडिया
hundiya,हंडिया,हंडिया
hakikat,हकीकत,हकीकत
haqeeqat,हकीकत,हकीकत
hathiya,हथिया,हथिया
hamala,हमला,हमला
hamla,हमला,हमला
hamalavar,हमलावर,हमलावर
hamlavar,हमलावर,हमलावर
humlavar,हमलावर,हमलावर
hamaal,हमाल,हमाल
hamal,हमाल,हमाल
hercules,हरक्यूलिस,हरक्यूलिस
hardas,हरदास,हरदास
harpaal,हरपाल,हरपाल
harpal,हरपाल,हरपाल
harvansh,हरवंश,हरवंश
haraval,हरावल,हरावल
harawal,हरावल,हरावल
hurricane,हरिकेन,हरिकेन
harijan,हरिजन,हरिजन
hariyali,हरियाली,हरियाली
harshit,हर्षित,हर्षित
haldi,हल्दी,हल्दी
halla,हल्ला,हल्ला
hawamahal,हवामहल,हवामहल
hawalaat,हवालात,हवालात
hawalat,हवालात,हवालात
hasino,हसीनों,हसीनों
hasinon,हसीनों,हसीनों
haan,हां,हां
han,हां,हां
haanfte,हांफते,हांफते
hafate,हांफते,हांफते
hanfte,हांफते,हांफते
higman,हाइमन,हाइमन
hymen,हाइमन,हाइमन
hadauti,हाड़ौती,हाड़ौती
haani,हानी,हानी
hani,हानी,हानी
haarjeet,हारजीत,हारजीत
harjeet,हारजीत,हारजीत
haaranaa,हारना,हारना
harana,हारना,हारना
harna,हारना,हारना
haalchaal,हालचाल,हालचाल
haalchal,हालचाल,हालचाल
halchaal,हालचाल,हालचाल
halchal,हालचाल,हालचाल
halt,हाल्ट,हाल्ट
hault,हाल्ट,हाल्ट
hahakar,हाहाकार,हाहाकार
hingis,हिंगिस,हिंगिस
hindan,हिंडन,हिंडन
hindon,हिंडन,हिंडन
hijada,हिजड़ा,हिजड़ा
hijda,हिजड़ा,हिजड़ा
hijbul,हिजबुल,हिजबुल
hippo,हिप्पो,हिप्पो
hippopotamus,हिप्पोपोटेमस,हिप्पोपोटेमस
himali,हिमाली,हिमाली
hilane,हिलने,हिलने
hilne,हिलने,हिलने
hisham,हिशाम,हिशाम
heeraganj,हीरागंज,हीरागंज
hiraganj,हीरागंज,हीरागंज
heroes,हीरोज,हीरोज
heros,हीरोज,हीरोज
hui,हुईं,हुईं
huin,हुईं,हुईं
hooper,हूपर,हूपर
huppar,हूपर,हूपर
hupper,हूपर,हूपर
hegde,हेगडे,हेगडे
hemvati,हेमवती,हेमवती
hemwati,हेमवती,हेमवती
help,हेल्प,हेल्प
helper,हेल्पर,हेल्पर
haito,हैतो,हैतो
hairam,हैरम,हैरम
harem,हैरम,हैरम
herald,हैराल्ड,हैराल्ड
haive,हैव,हैव
have,हैव,हैव
hong,हॉन्ग,हॉन्ग
half,हॉफ,हॉफ
hoaf,हॉफ,हॉफ
hounga,होऊंगा,होऊंगा
holding,होल्डिंग,होल्डिंग
hoshangabaad,होशंगाबाद,होशंगाबाद
hoshangabad,होशंगाबाद,होशंगाबाद
hostes,होस्टेस,होस्टेस
hostess,होस्टेस,होस्टेस
